,DBA,fetched_restaurant,similarity_index,sentiment_score,Accepts Credit Cards,Accepts Bitcoin,Accepts Insurance,Alcohol,Appointment Only,Caters,Coat Check,Delivers,Dogs AllowedHair Types Specialized In,Happy Hour,TV,Outdoor Seating,Parking,Smoking Allowed,Take-out,Takes Reservations,Waiter Service,Wheelchair Accessible,Wi-Fi,Opened 24hrs,Gender Neutral BathroomsAmbience,Attire,Best Nights,Good For Dancing,Good For Groups,Good For Kids,Good For Meals Served,Music,Noise Level,Price Range,price_range,health_score,overall_rating,overall_reviews,violation_score
40362098,HARRIET'S KITCHEN,Harriet’s Kitchen,94.0,0.3936188405797101,,,,Beer & Wine Only,,No,,,,,,,Street,,Yes,,,,,,,Casual,,,,,,,,,$11-30,A,3.0,138.0,15.6
40364389,OLD TOWN BAR & RESTAURANT,Old Town Bar & Restaurant,100.0,0.6085585,,,,Full Bar,,No,,,,,,,Street,,No,,,,,,,Casual,,,,,,,,,$11-30,A,3.5,361.0,30.5
40365871,NEARY'S PUB,Neary’s,67.0,0.7543971830985916,,,,Full Bar,,No,,,,,,,Street,,Yes,,,,,,,Dressy,,,,,,,,,$11-30,A,4.0,71.0,12.0
40368271,CHERRY TAVERN,Cherry Tavern,100.0,0.5171312499999999,,,,Full Bar,,,,,,,,,Street,,,,,,,,,,,,,,,,,,Inexpensive,A,4.0,112.0,24.333333333333332
40369810,PETE'S TAVERN,Pete’s Tavern,92.0,0.667795,,,,Full Bar,,Yes,,,,,,,"Garage, Street",,Yes,,,,,,,Casual,,,,,,,,,$11-30,A,3.5,544.0,6.666666666666667
40378874,TERRA BLUES,Terra Blues,100.0,0.6935322033898305,,,,Full Bar,,,,,,,,,Street,,,,,,,,,,,,,,,Live,,,Moderate,A,4.0,181.0,12.25
40379304,GOTHAM BAR & GRILL,Gotham Bar and Grill,89.0,0.85799,,,,Full Bar,,No,,,,,,,"Garage, Street",,No,,,,,,,Dressy,,,,,,,,,Above $61,A,4.5,1485.0,12.5
40379920,E.A.T. CAFE,E.A.T.,71.0,0.2299315,,,,No,,Yes,,,,,,,Street,,Yes,,,,,,,Casual,,,,,,,,,$11-30,A,2.0,285.0,14.75
40385161,AUTOMATIC SLIMS,Automatic Slims,100.0,0.56406091954023,,,,Full Bar,,No,,,,,,,Street,,No,,,,,,,Casual,,,,,,,,,$11-30,A,3.5,87.0,25.666666666666668
40388578,DIVE BAR,Dive Bar,100.0,0.79132,,,,Full Bar,,No,,,,,,,Street,,Yes,,,,,,,Casual,,,,,,Juke Box,,,$11-30,A,4.0,419.0,12.0
40394007,NIAGARA/ LOVERS OF TODAY/ SISTER MIDNIGHT,Lovers of Today,54.0,0.753391,,,,Full Bar,,,,,,,,,Street,,,,,,,,,,,,,,,,,,Moderate,,4.0,229.0,13.0
40396494,CORNER CAFE AND BAKERY,Corner Cafe and Bakery,100.0,0.5401075,,,,No,,Yes,,,,,,,Street,,Yes,,,,,,,Casual,,,,,,,,,$11-30,A,3.5,255.0,26.5
40396532,METRO DINER,Metro Diner,100.0,0.390225,,,,Beer & Wine Only,,No,,,,,,,Street,,Yes,,,,,,,,,,,,,,,,$11-30,A,3.0,297.0,13.5
40397624,LE MIRAGE CAFE,Le Mirage Gourmet,71.0,0.4961567567567567,,,,No,,Yes,,,,,,,,,Yes,,,,,,,,,,,,,,,,$11-30,A,3.0,37.0,16.5
40398578,DYCKMAN BAR,Dyckman Bar,100.0,0.5748463414634146,,,,Full Bar,,,,,,,,,Street,,,,,,,,,,,,,,,DJ,,,Moderate,A,3.0,82.0,14.666666666666666
40400185,CAFE BEYOND,Cafe Beyond,100.0,0.4642851851851852,,,,No,,No,,,,,,,Street,,Yes,,,,,,,,,,,,,,,,$11-30,,3.0,54.0,19.75
40401453,JAKE'S DILEMMA,Jakes Dilemma,96.0,0.6050274999999999,,,,Full Bar,,No,,,,,,,Street,,Yes,,,,,,,Casual,,,,,,,,,$11-30,A,3.5,429.0,7.0
40403586,THE UNIVERSITY CLUB,University Club,88.0,0.8396717948717949,,,,Full Bar,,Yes,,,,,,,,,No,,,,,,,Formal (Jacket Required),,,,,,,,,$31-60,A,4.0,39.0,24.8
40482586,BOOTH THEATER,Booth Theatre,92.0,0.6034799999999999,,,,,,,,,,,,,,,,,,,,,,,,,,,,,,,,A,4.0,75.0,3.6666666666666665
40513184,ACE BAR,Ace Bar,100.0,0.6395,,,,Full Bar,,,,,,,,,Street,,,,,,,,,,,,,,,Juke Box,,,Inexpensive,A,3.5,354.0,18.333333333333332
40513609,SKYLIGHT DINER,Skylight Diner,100.0,0.2792365,,,,Beer & Wine Only,,No,,,,,,,Street,,Yes,,,,,,,,,,,,,,,,$11-30,A,3.0,458.0,16.4
40522190,KINGS CARRIAGE HOUSE,Kings’ Carriage House,98.0,0.8257712707182319,,,,Beer & Wine Only,,Yes,,,,,,,"Garage, Street",,No,,,,,,,Casual,,,,,,,,,$11-30,A,4.0,181.0,10.75
40526406,CLUB MACANUDO (CIGAR BAR),Club Macanudo,68.0,0.8174366666666667,,,,Full Bar,,,,,,,,,Street,,,,,,,,,,,,,,,Live,,,Pricey,A,4.0,150.0,17.666666666666668
40536599,OLIVE TREE,Olive Tree Deli,80.0,0.223776,,,,,,,,,,,,,Street,,Yes,,,,,,,,,,,,,,,,Under $10,B,2.5,25.0,26.333333333333332
40547272,DEATH & CO,Death & Co,100.0,0.7400155,,,,Full Bar,,,,,,,,,Street,,,,,,,,,,,,,,,,,,Pricey,A,4.0,1393.0,14.0
40550666,LITE DELIGHTS,Lite Delights,100.0,0.6753770114942528,,,,,,Yes,,,,,,,Street,,Yes,,,,,,,,,,,,,,,,Inexpensive,A,4.0,87.0,15.5
40566482,KFC,KFC,100.0,0.043411764705882344,,,,,,No,,,,,,,,,Yes,,,,,,,,,,,,,,,,Under $10,A,2.0,17.0,4.666666666666667
40567533,THE THIRSTY SCHOLAR,The Thirsty Scholar,100.0,0.5969935828877005,,,,Full Bar,,,,,,,,,Street,,,,,,,,,,,,,,,,,,Moderate,A,3.5,187.0,23.0
40572098,THE SPRING LOUNGE,The Spring Lounge,100.0,0.6458525,,,,Full Bar,,,,,,,,,Street,,,,,,,,,,,,,,,,,,Moderate,A,3.5,228.0,7.0
40573929,ARABELLE,Arabelle,100.0,0.6184416666666667,,,,Full Bar,,,,,,,,,,,No,,,,,,,Dressy,,,,,,,,,$31-60,A,3.0,24.0,12.0
40574293,LA BONBONNIERE,La Bonbonniere,100.0,0.7218665,,,,No,,No,,,,,,,Street,,Yes,,,,,,,,,,,,,,,,Under $10,B,4.0,330.0,24.25
40585860,N.Y. LIFE EXECUTIVE DINING ROOM .,Eleven Madison Park,38.0,0.8568475,,,,Full Bar,,No,,,,,,,Street,,No,,,,,,,Dressy,,,,,,,,,Above $61,A,4.5,1913.0,2.0
40593315,READE STREET PUB & KITCHEN,Reade Street Pub & Kitchen,100.0,0.7228329545454546,,,,Full Bar,,No,,,,,,,Street,,Yes,,,,,,,Casual,,,,,,,,,$11-30,A,3.5,88.0,10.333333333333334
40603807,JOSHUA TREE,Joshua Tree,100.0,0.5972245,,,,Full Bar,,No,,,,,,,Street,,Yes,,,,,,,Casual,,,,,,,,,$11-30,A,3.0,357.0,15.6
40621072,POINT BREAK,Point Break,100.0,0.7332955,,,,Full Bar,,Yes,,,,,,,Street,,Yes,,,,,,,,,,,,,,,,$11-30,A,3.5,219.0,13.75
40634713,NEW YORK UNIVERSITY - LIPTON HALL,New York University,73.0,0.4498425531914893,,,,,,,,,,,,,,,,,,,,,,,,,,,,,,,,,3.5,95.0,11.5
40635454,THE LOWELL,The Lowell,100.0,0.6929914285714286,,,,,,,,,,,,,,,,,,,,,,,,,,,,,,,Ultra High-End,A,4.0,35.0,8.333333333333334
40660748,ALTA,Alta,100.0,0.8140754999999998,,,,Full Bar,,No,,,,,,,Street,,No,,,,,,,Casual,,,,,,,,,$31-60,A,4.0,1735.0,14.666666666666666
40661616,SESSION 73,Session 73,100.0,0.6208555,,,,Full Bar,,Yes,,,,,,,Street,,Yes,,,,,,,Casual,,,,,,Live,,,$11-30,A,3.5,208.0,10.0
40662495,JOE'S PUB,Joe’s Pub at The Public,50.0,0.6869759999999999,,,,Full Bar,,,,,,,,,Street,,,,,,,,,,,,,,,Live,,,Moderate,A,3.5,256.0,15.666666666666666
40671007,PIG & WHISTLE ON 3RD,Pig n Whistle,73.0,0.5669863354037267,,,,Full Bar,,Yes,,,,,,,Street,,Yes,,,,,,,Casual,,,,,,,,,$11-30,A,3.5,161.0,18.666666666666668
40674838,HI LIFE BAR & GRILL,Uno Pizzeria & Grill,62.0,0.40846199999999994,,,,Full Bar,,Yes,,,,,,,Street,,Yes,,,,,,,,,,,,,,,,$11-30,A,2.5,212.0,7.0
40680918,ELI'S TABLE,Eli’s Table,91.0,0.8016085714285714,,,,Full Bar,,Yes,,,,,,,,,Yes,,,,,,,Casual,,,,,,,,,$11-30,,3.5,35.0,16.75
40689838,SMOKE,Smoke Scene,62.0,0.6380857142857143,,,,,,,,,,,,,Street,,,,,,,,,,,,,,,,,,Moderate,,4.5,15.0,17.666666666666668
40690158,FRESCO ON THE GO,Fresco On The Go,100.0,0.5235094339622642,,,,No,,Yes,,,,,,,Street,,Yes,,,,,,,Casual,,,,,,,,,$11-30,A,3.0,53.0,16.5
40694767,NEW YORK LUNCHEONETTE,New York Luncheonette,100.0,0.622374375,,,,Beer & Wine Only,,Yes,,,,,,,Street,,Yes,,,,,,,Casual,,,,,,,,,$11-30,A,3.5,182.0,18.25
40705931,BLUE HILL RESTAURANT,Blue Hill,62.0,0.862097,,,,Full Bar,,No,,,,,,,Street,,No,,,,,,,Dressy,,,,,,,,,Above $61,A,4.5,920.0,18.0
40709138,THALIA,Thalia,100.0,0.6024324999999999,,,,Full Bar,,Yes,,,,,,,Street,,Yes,,,,,,,Casual,,,,,,,,,$11-30,A,3.5,844.0,15.75
40715372,HENRY'S,Henry’s,86.0,0.6825580419580419,,,,No,,No,,,,,,,Street,,Yes,,,,,,,Casual,,,,,,,,,Under $10,A,4.0,143.0,21.0
40720911,ANOTHEROOM,Anotheroom,100.0,0.7532775510204082,,,,Beer & Wine Only,,,,,,,,,Street,,,,,,,,,,,,,,,,,,Moderate,A,4.0,148.0,9.666666666666666
40723644,TEN DEGREES,Ten Degrees Bar,85.0,0.8351085,,,,Full Bar,,No,,,,,,,Street,,No,,,,,,,Casual,,,,,,,,,$11-30,B,4.0,809.0,22.25
40724274,THE WHEELTAPPER,The Wheeltapper Pub,88.0,0.514788125,,,,Full Bar,,Yes,,,,,,,Street,,Yes,,,,,,,Casual,,,,,,,,,$11-30,A,3.0,160.0,18.5
40732696,GIACOMO FINE FOODS,Giacomo Fine Foods,100.0,0.7397222222222221,,,,,,,,,,,,,,,Yes,,,,,,,,,,,,,,,,Under $10,A,4.0,27.0,11.5
40738920,GEORGE KEELEY,George Keeley,100.0,0.810231,,,,Full Bar,,No,,,,,,,Street,,Yes,,,,,,,Casual,,,,,,,,,$11-30,A,4.0,320.0,14.75
40750264,TIMES SQUARE CAFE,Time Square Cafe,97.0,0.04265000000000002,,,,,,,,,,,,,,,Yes,,,,,,,,,,,,,,,,,,2.0,2.0,19.0
40786413,PRIVATE EYES,Private Eyes - CLOSED,73.0,0.1780866666666667,,,,Full Bar,,,,,,,,,"Garage, Street, Validated",,,,,,,,,,,,,,,,,,Ultra High-End,A,2.5,30.0,20.0
40789156,BROOKDALE,Brookdale Tavern & Kitchen,51.0,0.667704411764706,,,,Full Bar,,Yes,,,,,,,"Street, Private Lot",,Yes,,,,,,,Casual,,,,,,,,,$11-30,,3.5,68.0,15.6
40798867,POSH,Posh,100.0,0.7059584415584416,,,,Full Bar,,,,,,,,,Street,,,,,,,,,,,,,,,DJ,,,Moderate,A,3.5,154.0,7.666666666666667
40812630,THE LOEB BOATHOUSE CENTRAL PARK,The Loeb Boathouse,73.0,0.744925,,,,Full Bar,,Yes,,,,,,,,,No,,,,,,,Casual,,,,,,,,,$31-60,A,3.5,1138.0,22.75
40835721,IRVING FARM,Irving Farm New York,71.0,0.5072025000000001,,,,,,No,,,,,,,Street,,Yes,,,,,,,,,,,,,,,,Moderate,A,3.5,503.0,13.0
40850087,MADAME TUSSAUD'S,Madame Tussauds New York,75.0,0.710689,,,,,,,,,,,,,,,,,,,,,,,,,,,,,,,,A,4.0,528.0,50.666666666666664
40856729,CRIF DOGS / PLEASE DON'T TELL,Please Don’t Tell,70.0,0.7810595,,,,Full Bar,,,,,,,,,Street,,,,,,,,,,,,,,,,,,Pricey,A,4.0,1641.0,16.25
40866977,CAFE MAE MAE,Mae Mae Cafe & Bar,60.0,0.7940480519480521,,,,Full Bar,,Yes,,,,,,,Street,,Yes,,,,,,,Casual,,,,,,Live,,,$11-30,A,3.5,77.0,6.25
40933601,THE HILL,The Hill,100.0,0.8386785714285715,,,,Full Bar,,Yes,,,,,,,"Valet, Private Lot",,Yes,,,,,,,,,,,,,,,,,,3.5,28.0,15.0
40936973,RANDOM HOUSE,Penguin Random House,75.0,0.89405,,,,,,,,,,,,,,,,,,,,,,,,,,,,,,,Moderate,A,5.0,2.0,12.5
40938384,MOCA BAR & LOUNGE,Moca Bar and Lounge,89.0,0.5773673076923077,,,,Full Bar,,Yes,,,,,,,Street,,Yes,,,,,,,Casual,,,,,,,,,$11-30,B,3.0,156.0,15.75
40942438,SKY TERRACE BAR,Sky Terrace Rooftop Bar,79.0,0.6947519480519481,,,,Full Bar,,,,,,,,,Garage,,,,,,,,,,,,,,,Background,,,Pricey,,3.5,77.0,7.0
40943615,OTTO'S SHRUNKEN HEAD,Otto’s Shrunken Head,95.0,0.7328315000000001,,,,Full Bar,,,,,,,,,Street,,,,,,,,,,,,,,,Live,,,Moderate,A,4.0,458.0,11.5
40948625,SUMMER GARDEN,Summer Garden & Bar,81.0,0.46537368421052633,,,,Full Bar,,No,,,,,,,,,No,,,,,,,Casual,,,,,,Background,,,$31-60,A,3.0,19.0,3.6666666666666665
40957772,NURSE BETTIE,Nurse Bettie,100.0,0.7894855,,,,Full Bar,,,,,,,,,Street,,,,,,,,,,,,,,,,,,Moderate,A,4.0,282.0,10.0
40973003,THE PATRIOT SALOON,The Patriot Saloon,100.0,0.634181,,,,Full Bar,,,,,,,,,Street,,,,,,,,,,,,,,,Juke Box,,,Inexpensive,A,3.5,319.0,16.75
40980389,THE GRAFTON PUBLIC HOUSE,The Grafton,63.0,0.8198629032258065,,,,Full Bar,,No,,,,,,,Street,,Yes,,,,,,,Casual,,,,,,,,,$11-30,A,4.0,62.0,22.75
41007946,FRAMES BOWLING LOUNGE,Frames Bowling Lounge,100.0,0.7521005,,,,Full Bar,,,,,,,,,Street,,,,,,,,,,,,,,,,,,Moderate,,3.5,663.0,13.0
41014823,FAT CAT BILLIARDS,Space Billiards,75.0,0.7311741935483871,,,,Full Bar,,,,,,,,,Street,,,,,,,,,,,,,,,,,,Moderate,A,4.0,186.0,21.333333333333332
41016585,HQ CLUB,The London Bar,38.0,0.19107166666666667,,,,Full Bar,,No,,,,,,,,,No,,,,,,,Dressy,,,,,,,,,Above $61,,2.5,60.0,12.666666666666666
41066767,DALTON'S BAR & GRILL,Dalton’s Bar & Grill,95.0,0.7603530000000001,,,,Full Bar,,Yes,,,,,,,"Garage, Street",,Yes,,,,,,,Casual,,,,,,,,,$11-30,A,3.5,231.0,15.0
41068567,CELON BAR & LOUNGE,Cèlon Lounge,73.0,0.3099842105263158,,,,Full Bar,,,,,,,,,"Valet, Street",,,,,,,,,,,,,,,,,,Pricey,A,2.5,19.0,10.333333333333334
41068920,THE SKINNY,The SKINnY Bar & Lounge,61.0,0.579506,,,,Full Bar,,Yes,,,,,,,Street,,Yes,,,,,,,Casual,,,,,,DJ,,,$11-30,A,3.5,214.0,18.75
41071907,LENOX FAST FOOD,Lenox Fast Food,100.0,0.845,,,,No,,No,,,,,,,,,Yes,,,,,,,,,,,,,,,,Under $10,A,4.5,9.0,34.6
41073985,HEARTLAND BREWERY,Heartland Brewery,100.0,0.5964345,,,,Full Bar,,Yes,,,,,,,Street,,Yes,,,,,,,Casual,,,,,,,,,$11-30,A,3.0,281.0,13.75
41084540,OPEN HOUSE,Open House,100.0,0.3308587628865979,,,,Full Bar,,,,,,,,,Street,,,,,,,,,,,,,,,,,,Moderate,A,3.0,97.0,22.5
41086770,STITCH BAR,Stitch Bar & Lounge,69.0,0.6131985,,,,Full Bar,,Yes,,,,,,,Street,,Yes,,,,,,,Casual,,,,,,,,,$11-30,A,3.0,224.0,12.75
41098073,STOUT,Stout NYC,71.0,0.7221584999999999,,,,Full Bar,,No,,,,,,,"Garage, Street",,Yes,,,,,,,Casual,,,,,,,,,$11-30,A,3.5,877.0,15.5
41100350,EMPLOYEE'S ONLY,Employees Only,97.0,0.7656970000000001,,,,Full Bar,,No,,,,,,,Street,,No,,,,,,,,,,,,,,,,$31-60,A,4.0,1356.0,11.333333333333334
41116590,SUNITA,Sunita Bar,75.0,0.8259496296296296,,,,Full Bar,,,,,,,,,Street,,,,,,,,,,,,,,,Background,,,Moderate,A,4.5,135.0,9.25
41122435,JIMBO'S BURGER PALACE,Jimbos Hamburger Palace,91.0,0.5944650000000001,,,,No,,No,,,,,,,Street,,Yes,,,,,,,Casual,,,,,,,,,Under $10,A,4.0,20.0,13.2
41138984,HOTEL PIERRE-BANQUET KITCHEN,The Roosevelt Hotel,43.0,0.221357,,,,,,,,,,,,,,,,,,,,,,,,,,,,,,,,,,,19.5
41141330,TOASTIES,Toasties,100.0,0.598356,,,,No,,No,,,,,,,Street,,Yes,,,,,,,,,,,,,,,,Under $10,B,4.0,315.0,17.75
41166914,EAT ON 8TH,Eat on 8,89.0,0.23383999999999996,,,,,,,,,,,,,,,,,,,,,,,,,,,,,,,,A,1.5,20.0,14.666666666666666
41171815,G'S CANDY STORE COFFEE SHOP,G’s Coffee Shop,67.0,0.8663814814814815,,,,No,,No,,,,,,,Street,,Yes,,,,,,,Casual,,,,,,,,,Under $10,A,4.5,55.0,29.4
41172740,MORGAN LIBRARY,Pierpont Morgan Library,76.0,0.9501999999999999,,,,,,,,,,,,,,,,,,,,,,,,,,,,,,,,A,4.5,2.0,12.25
41183605,TROPICAL 128,Tropical 128,100.0,0.6202882352941176,,,,Full Bar,,,,,,,,,Street,,,,,,,,,,,,,,,,,,Inexpensive,A,3.5,170.0,25.75
41199571,BAR  BELLY,Bar Belly,95.0,0.6837655405405405,,,,Full Bar,,Yes,,,,,,,Street,,No,,,,,,,Casual,,,,,,,,,$11-30,A,3.5,148.0,17.666666666666668
41202176,TED'S MONTANA GRILL,Ted’s Montana Grill - New York,73.0,0.6671837500000001,,,,Full Bar,,No,,,,,,,,,Yes,,,,,,,Casual,,,,,,,,,$11-30,A,3.5,340.0,10.75
41211538,STK,STK Rooftop,43.0,0.5014211538461538,,,,Full Bar,,No,,,,,,,,,No,,,,,,,Dressy,,,,,,,,,$31-60,,2.5,105.0,15.0
41212475,MOE'S CAFE,Moe’s Cafe,90.0,-0.273,,,,No,,No,,,,,,,,,Yes,,,,,,,Casual,,,,,,,,,Under $10,A,2.0,2.0,14.333333333333334
41218434,GIGI CAFE,Gigi Cafe,100.0,0.4704466216216216,,,,No,,Yes,,,,,,,Street,,Yes,,,,,,,,,,,,,,,,Under $10,A,3.0,148.0,6.666666666666667
41218950,GREENWICH TREEHOUSE,Greenwich Treehouse,100.0,0.669604,,,,Full Bar,,,,,,,,,Street,,,,,,,,,,,,,,,Juke Box,,,Inexpensive,A,3.5,271.0,8.333333333333334
41222832,BROADWAY COMEDY CLUB,Broadway Comedy Club,100.0,0.329856,,,,Full Bar,,,,,,,,,Street,,,,,,,,,,,,,,,,,,Moderate,B,2.5,396.0,29.666666666666668
41228468,THE RITZ BAR & LOUNGE,Dive Bar Lounge,67.0,0.505434693877551,,,,Full Bar,,,,,,,,,,,,,,,,,,,,,,,,,,,Inexpensive,,3.0,49.0,23.75
41229106,BLIND PIG,Blind Pig,100.0,0.590393,,,,Full Bar,,Yes,,,,,,,Street,,Yes,,,,,,,Casual,,,,,,,,,$11-30,A,3.0,330.0,18.0
41238209,TOWER'S CAFE,Towers Cafe,96.0,0.85825,,,,,,,,,,,,,,,Yes,,,,,,,,,,,,,,,,Under $10,A,3.0,2.0,19.6
41243023,SHUKA,Shuka,100.0,0.833162,,,,Full Bar,,,,,,,,,Street,,Yes,,,,,,,Casual,,,,,,,,,$11-30,A,4.0,247.0,17.25
41246747,THE CANNIBAL NYC,The Cannibal,86.0,0.712167,,,,Beer & Wine Only,,Yes,,,,,,,Street,,Yes,,,,,,,Casual,,,,,,,,,$11-30,A,4.0,571.0,22.5
41248529,ROUTE 66 CAFE,Route 66 Bar & Grill,61.0,0.5597115,,,,Full Bar,,No,,,,,,,Street,,Yes,,,,,,,Casual,,,,,,,,,$11-30,A,3.0,277.0,19.0
41249167,UNCLE CHARLIE,Uncle Charlie’s,93.0,0.7517400000000001,,,,Full Bar,,,,,,,,,Street,,,,,,,,,,,,,,,,,,Moderate,A,3.5,60.0,10.333333333333334
41269802,SANCTUARY T,Sanctuary T,100.0,0.756349,,,,Full Bar,,Yes,,,,,,,Street,,Yes,,,,,,,Casual,,,,,,,,,$11-30,P,3.5,435.0,20.5
41275275,WHISKEY TOWN,Whiskey Town,100.0,0.7110793103448276,,,,Full Bar,,,,,,,,,Street,,,,,,,,,,,,,,,DJ,,,Moderate,A,3.5,174.0,10.75
41276535,PAUL'S RESTAURANT,PAUL Bar & Restaurant,79.0,0.6080363636363636,,,,Full Bar,,,,,,,,,Valet,,,,,,,,,,,,,,,,,,Inexpensive,A,3.5,11.0,12.0
41281111,THE BOX,The Box,100.0,0.23237000000000002,,,,Full Bar,,,,,,,,,Street,,,,,,,,,,,,,,,DJ,,,Ultra High-End,A,3.0,343.0,14.5
41281518,MOODY'S CAFETERIA,2nd Ave Deli,41.0,0.7427340000000001,,,,Beer & Wine Only,,Yes,,,,,,,Street,,Yes,,,,,,,,,,,,,,,,$11-30,A,4.0,1076.0,8.0
41298603,THE SMITH,The Smith,100.0,0.8537684999999999,,,,Full Bar,,Yes,,,,,,,Street,,Yes,,,,,,,Casual,,,,,,,,,$11-30,A,3.5,1815.0,16.5
41304210,TOMPKINS SQUARE BAR,Tompkins Square Bar,100.0,0.6400444444444445,,,,,,,,,,,,,,,,,,,,,,,,,,,,,,,,A,3.0,9.0,19.75
41313515,"DUNKIN' DONUTS, BASKIN ROBBINS",Dunkin Donuts Baskin Robbins,97.0,0.34005,,,,,,,,,,,,,,,Yes,,,,,,,,,,,,,,,,Moderate,,3.0,4.0,8.25
41317579,BELFRY,The Belfry,75.0,0.793759,,,,Full Bar,,,,,,,,,Street,,,,,,,,,,,,,,,,,,Moderate,A,4.0,465.0,11.333333333333334
41322152,1 2 3 BURGER SHOT BEER,123 Burger Shot Beer,95.0,0.440004,,,,Full Bar,,No,,,,,,,Street,,Yes,,,,,,,Casual,,,,,,,,,Under $10,A,3.0,929.0,10.75
41331156,ROOM MATE GRACE HOTEL,Room Mate Grace Hotel,100.0,0.686463387978142,,,,,,,,,,,,,,,,,,,,,,,,,,,,,,,Moderate,A,3.5,186.0,17.4
41348712,THE CORE CLUB,CORE: Club,78.0,0.9142468750000001,,,,Full Bar,,No,,,,,,,,,No,,,,,,,Dressy,,,,,,,,,Above $61,,4.5,32.0,6.666666666666667
41356747,LINCOLN PARK BAR & GRILL,Lincoln Park Grill,86.0,0.722322,,,,Full Bar,,No,,,,,,,Street,,Yes,,,,,,,Casual,,,,,,Juke Box,,,$11-30,A,3.5,224.0,27.4
41363184,BEAN N BEAN,Bean & Bean,91.0,0.7136743902439026,,,,,,No,,,,,,,,,Yes,,,,,,,,,,,,,,,,Moderate,A,4.0,165.0,7.666666666666667
41384170,RAINES LAW ROOM,Raines Law Room,100.0,0.8039015,,,,Full Bar,,,,,,,,,Street,,,,,,,,,,,,,,,,,,Pricey,A,4.5,1333.0,5.333333333333333
41388993,WESTVILLE,Westville Dumbo,75.0,0.8061162303664922,,,,Full Bar,,Yes,,,,,,,Street,,Yes,,,,,,,Casual,,,,,,,,,$11-30,A,4.0,191.0,15.5
41390998,CAFE OLYMPIA,Cafe Olympia,100.0,0.20900437956204382,,,,Beer & Wine Only,,Yes,,,,,,,Street,,Yes,,,,,,,,,,,,,,,,$11-30,,2.5,137.0,27.4
41391961,MONKEY BAR,Monkey Bar,100.0,0.6944294999999999,,,,Full Bar,,No,,,,,,,,,No,,,,,,,Dressy,,,,,,,,,$31-60,A,3.5,250.0,8.333333333333334
41401638,MADISON RESTAURANT,Madison Restaurant,100.0,0.5731195000000001,,,,Full Bar,,No,,,,,,,Street,,Yes,,,,,,,,,,,,,,,,$11-30,A,3.5,321.0,13.8
41405007,THE CAPITAL GRILLE,The Capital Grille,100.0,0.850282,,,,Full Bar,,Yes,,,,,,,Street,,No,,,,,,,Dressy,,,,,,,,,$31-60,A,4.0,682.0,14.333333333333334
41405368,DYLAN MURPHY'S,Dylan Murphy’s,93.0,0.7426523809523811,,,,Full Bar,,Yes,,,,,,,Street,,Yes,,,,,,,Casual,,,,,,Juke Box,,,$11-30,A,4.0,147.0,19.333333333333332
41410066,LOCKSMITH WINE & BURGER BAR,Artist Locksmith & Security,52.0,0.7959,,,,,,,,,,,,,,,,,,,,,,,,,,,,,,,,,4.5,9.0,20.0
41426958,HAMPTON INN - MANHATTAN TIMES SQUARE SOUTH,Hampton Inn Manhattan / Times Square South,95.0,0.6727824074074072,,,,,,,,,,,,,,,,,,,,,,,,,,,,,,,Moderate,A,3.5,110.0,9.25
41428049,THE ARCHIVE,The Archive,100.0,0.7183516129032259,,,,Full Bar,,,,,,,,,"Garage, Street",,,,,,,,,,,,,,,,,,Moderate,A,3.5,93.0,13.0
41439621,HAMPTON INN,Hampton Inn Manhattan Seaport,55.0,0.6795561403508771,,,,,,,,,,,,,,,,,,,,,,,,,,,,,,,Moderate,A,4.0,57.0,19.666666666666668
41443726,MCKENNA'S PUB,McKenna’s Pub,92.0,0.7150129999999999,,,,Full Bar,,,,,,,,,Street,,,,,,,,,,,,,,,Juke Box,,,Inexpensive,A,3.5,214.0,20.25
41446051,STAYBRIDGE SUITES,Staybridge Suites Times Square - New York City,54.0,0.7834064327485378,,,,,,,,,,,,,,,,,,,,,,,,,,,,,,,Moderate,A,4.0,176.0,20.666666666666668
41454101,FRESCO 57,Fresco 57,100.0,0.16358064516129034,,,,No,,No,,,,,,,Street,,Yes,,,,,,,,,,,,,,,,Under $10,A,2.5,93.0,22.4
41464542,THE BLUEBELL CAFE,The Bluebell Cafe,100.0,0.8183445,,,,Full Bar,,No,,,,,,,Street,,Yes,,,,,,,Casual,,,,,,,,,$11-30,A,4.0,557.0,18.0
41467165,CHELSEA PAPAYA,Chelsea Papaya,100.0,0.4626454545454545,,,,No,,No,,,,,,,Street,,Yes,,,,,,,,,,,,,,,,Under $10,A,3.5,121.0,16.2
41477483,HOLIDAY INN EXPRESS - MANHATTAN,Holiday Inn Express Manhattan Midtown West,79.0,0.6603595744680851,,,,,,,,,,,,,,,,,,,,,,,,,,,,,,,Moderate,A,3.5,48.0,8.333333333333334
41479731,STILLWATER BAR & GRILL,Stillwater Bar & Grill,100.0,0.6278730769230769,,,,Full Bar,,Yes,,,,,,,Street,,Yes,,,,,,,Casual,,,,,,,,,Under $10,A,3.5,104.0,16.8
41480442,ATLANTICA,Atlantica,100.0,0.4679150793650793,,,,Full Bar,,No,,,,,,,Street,,No,,,,,,,Dressy,,,,,,,,,$31-60,,2.5,126.0,8.666666666666666
41497832,INWOOD LOCAL WINE BAR & BEER GARDEN,Inwood Local,51.0,0.7754353535353535,,,,Beer & Wine Only,,,,,,,,,Street,,,,,,,,,,,,,,,,,,Moderate,,4.0,199.0,14.333333333333334
41520610,BAREBURGER,Bareburger,100.0,0.684598,,,,Full Bar,,Yes,,,,,,,Street,,Yes,,,,,,,Casual,,,,,,,,,$11-30,A,4.0,662.0,14.0
41523650,NEW YORK YACHT CLUB,New York Yacht Club,100.0,0.7548636363636363,,,,,,,,,,,,,,,,,,,,,,,,,,,,,,,,A,4.0,12.0,24.25
41528368,"TIM HORTONS, SOUP MAN, TASTI D-LITE",Dominique Ansel Bakery,32.0,0.8101425,,,,,,Yes,,,,,,,Street,,Yes,,,,,,,,,,,,,,,,Moderate,A,4.0,3937.0,14.5
41531114,WALTER KERR THEATRE,Walter Kerr Theatre,100.0,0.6988761904761905,,,,,,,,,,,,,,,,,,,,,,,,,,,,,,,,A,3.5,105.0,18.0
41538728,BOWLMOR LANE,Bowlmor Chelsea Piers,67.0,0.48950449999999995,,,,,,,,,,,,,Garage,,,,,,,,,,,,,,,,,,,A,3.0,332.0,26.5
41543887,BEAUTY AND ESSEX,Beauty & Essex,87.0,0.906286,,,,Full Bar,,No,,,,,,,Street,,Yes,,,,,,,Dressy,,,,,,,,,$31-60,A,4.0,3039.0,16.0
41554670,MORGAN STANLEY EMPLOYEE CAFETERIA,NewYork Presbyterian/Weill Cornell Medical Center,44.0,0.1899505,,,,,,,,,,,,,,,,,,,,,,,,,,,,,,,,,3.0,235.0,6.666666666666667
41556790,FIVE GUYS FAMOUS BURGERS AND FRIES,Mel’s Burger Bar,48.0,0.6110485,,,,Full Bar,,No,,,,,,,Street,,Yes,,,,,,,Casual,,,,,,,,,$11-30,A,3.5,668.0,7.75
41559999,DARKHORSE,Dark Horse,95.0,0.8134145,,,,Full Bar,,No,,,,,,,"Garage, Street",,Yes,,,,,,,Casual,,,,,,,,,$11-30,,4.0,377.0,22.666666666666668
41563445,GMT TAVERN,GMT Tavern,100.0,0.7312664948453609,,,,Full Bar,,Yes,,,,,,,"Garage, Street",,Yes,,,,,,,Casual,,,,,,,,,$11-30,A,3.5,195.0,14.5
41571350,THE MET GRILL/DOUBLE TREE HOTEL,The Roosevelt Hotel,56.0,0.221357,,,,,,,,,,,,,,,,,,,,,,,,,,,,,,,Pricey,A,2.5,816.0,36.25
41573739,CREPERIE,Creperie,100.0,0.7068665,,,,No,,Yes,,,,,,,Street,,Yes,,,,,,,Casual,,,,,,,,,Under $10,A,4.0,460.0,10.25
41576836,MADISON DELI,Madison Deli,100.0,0.3192166666666667,,,,,,,,,,,,,,,Yes,,,,,,,,,,,,,,,,,,4.0,6.0,28.8
41576850,WEST END BAR & GRILL,West End Bar & Grill,100.0,0.7238724999999999,,,,Full Bar,,No,,,,,,,Street,,Yes,,,,,,,Casual,,,,,,,,,$11-30,A,4.0,326.0,11.0
41599313,THE MANCHESTER DINER,The Manchester Diner,100.0,0.5215050420168068,,,,Beer & Wine Only,,No,,,,,,,Street,,Yes,,,,,,,,,,,,,,,,$11-30,A,3.5,119.0,21.0
41616112,NFL-HUDDLE CAFE,Faces & Names,36.0,0.7258960000000001,,,,Full Bar,,Yes,,,,,,,"Garage, Street",,Yes,,,,,,,Casual,,,,,,,,,$11-30,A,3.5,328.0,6.333333333333333
41617019,UCB EAST COMEDY,UCB Theatre,62.0,0.3532833333333334,,,,,,,,,,,,,,,,,,,,,,,,,,,,,,,,A,4.0,6.0,9.666666666666666
41619055,SONS OF ESSEX,Sons of Essex,100.0,0.8316335000000001,,,,Full Bar,,Yes,,,,,,,"Garage, Street",,Yes,,,,,,,Casual,,,,,,DJ,,,$11-30,A,4.0,1023.0,23.25
41627949,ALGONQUIN HOTEL/BLUE BAR,King Cole Bar,54.0,0.6600505000000001,,,,Full Bar,,,,,,,,,,,,,,,,,,,,,,,,,,,Pricey,A,3.5,218.0,21.0
41629513,PRET A MANGER,Pret A Manger,100.0,0.619918,,,,No,,Yes,,,,,,,Street,,Yes,,,,,,,,,,,,,,,,Under $10,A,3.5,51.0,5.5
41630613,PRET A MANGER,Pret A Manger,100.0,0.7139682926829268,,,,No,,Yes,,,,,,,Street,,Yes,,,,,,,,,,,,,,,,Under $10,,4.0,42.0,7.666666666666667
41631962,POPEYES LOUISIANA KITCHEN,Popeyes Louisiana Kitchen,100.0,0.37964193548387104,,,,No,,No,,,,,,,Street,,Yes,,,,,,,,,,,,,,,,Under $10,A,3.0,31.0,8.0
41633315,5 BORO BURGER,5 Boro Burger,100.0,0.46066818181818187,,,,Full Bar,,Yes,,,,,,,,,Yes,,,,,,,Casual,,,,,,,,,$11-30,,3.0,182.0,17.0
41637054,ORION DINER & GRILL,Orion Diner & Grill,100.0,0.338639226519337,,,,Beer & Wine Only,,No,,,,,,,Street,,Yes,,,,,,,,,,,,,,,,$11-30,A,2.5,181.0,13.75
41637125,HAVEN'S KITCHEN,Haven’s Kitchen,93.0,0.8242390625,,,,,,,,,,,,,,,,,,,,,,,,,,,,,,,,A,4.0,64.0,12.666666666666666
41638085,AMUSED,Amused,100.0,0.8629225806451613,,,,Beer & Wine Only,,Yes,,,,,,,Garage,,Yes,,,,,,,,,,,,,,,,$11-30,A,4.5,31.0,9.5
41639573,CORNER SOCIAL,Corner Social,100.0,0.6344415,,,,Full Bar,,Yes,,,,,,,Street,,Yes,,,,,,,Casual,,,,,,,,,$11-30,A,3.0,866.0,22.2
41639734,VITAE,Vitae,100.0,0.8683835000000001,,,,Full Bar,,Yes,,,,,,,Street,,Yes,,,,,,,Dressy,,,,,,Background,,,$31-60,B,4.0,745.0,17.5
41646166,MIKEY'S,Mikey’s Burger,57.0,0.47192899999999993,,,,No,,No,,,,,,,Street,,Yes,,,,,,,Casual,,,,,,,,,Under $10,A,3.5,389.0,26.75
41649130,THE SMITH,The Smith,100.0,0.7925764999999998,,,,Full Bar,,Yes,,,,,,,Street,,Yes,,,,,,,Casual,,,,,,,,,$11-30,A,3.5,1408.0,11.0
41649377,"DUNKIN' DONUTS, HUDSON NEWS",Dunkin’ Donuts,63.0,0.06517499999999998,,,,,,,,,,,,,,,Yes,,,,,,,,,,,,,,,,Inexpensive,A,2.0,12.0,17.0
41672199,MURRAY'S CHEESE BAR,Murray’s Cheese Bar,95.0,0.852634,,,,Beer & Wine Only,,Yes,,,,,,,Street,,Yes,,,,,,,Casual,,,,,,,,,$11-30,B,4.0,684.0,22.666666666666668
41672903,MALONEY & PORCELLI,Maloney & Porcelli,100.0,0.747867,,,,Full Bar,,Yes,,,,,,,Street,,No,,,,,,,Dressy,,,,,,,,,$31-60,A,4.0,409.0,9.5
41674628,MANHATTAN PROPER,Manhattan Proper,100.0,0.7708505,,,,Full Bar,,Yes,,,,,,,Street,,Yes,,,,,,,Casual,,,,,,,,,$11-30,B,4.0,266.0,12.0
41682864,JPMC CAFETERIA,JPMorgan Chase,50.0,-0.3537125,,,,,,,,,,,,,,,,,,,,,,,,,,,,,,,,A,1.5,16.0,8.0
41688540,FOOD DEPOT,Food Depot Gourmet Deli,61.0,0.2619333333333333,,,,No,,Yes,,,,,,,Street,,Yes,,,,,,,,,,,,,,,,$11-30,A,2.5,42.0,13.25
41721673,CRAZY ANNIE'S,Crazy Annie’s,92.0,0.5315411042944785,,,,Full Bar,,Yes,,,,,,,Street,,Yes,,,,,,,Casual,,,,,,,,,$11-30,B,3.0,163.0,16.5
50000803,LE PAIN QUOTIDIEN,Le Pain Quotidien,100.0,0.3394220338983051,,,,Beer & Wine Only,,Yes,,,,,,,,,Yes,,,,,,,Casual,,,,,,,,,$11-30,A,3.0,60.0,6.666666666666667
50000832,AMC THEATRES,AMC 84th Street 6,62.0,0.598144,,,,,,,,,,,,,,,,,,,,,,,,,,,,,,,,A,4.0,330.0,17.0
50000880,PARKER & QUINN,Parker & Quinn,100.0,0.8261454999999998,,,,Full Bar,,Yes,,,,,,,Street,,Yes,,,,,,,Casual,,,,,,,,,$11-30,,4.0,1129.0,19.5
50001807,MONARCH,Monarch Rooftop,64.0,0.640701,,,,Full Bar,,,,,,,,,Street,,,,,,,,,,,,,,,DJ,,,Moderate,,3.5,492.0,12.0
50003078,THE ROOF,The Roof,100.0,0.5754430107526883,,,,Full Bar,,,,,,,,,Garage,,,,,,,,,,,,,,,,,,Pricey,A,3.0,186.0,15.666666666666666
50003258,DURDEN,Durden,100.0,0.6059630434782609,,,,Full Bar,,Yes,,,,,,,Street,,Yes,,,,,,,Casual,,,,,,,,,$11-30,A,4.0,184.0,28.666666666666668
50005183,COCO & CRU/SWEETWATER SOCIAL,CoCo Fresh Tea & Juice,44.0,0.655118954248366,,,,,,No,,,,,,,Street,,Yes,,,,,,,,,,,,,,,,Inexpensive,,4.0,153.0,21.2
50005405,ARIA,Maria Pia,62.0,0.711471,,,,Full Bar,,,,,,,,,Street,,Yes,,,,,,,Casual,,,,,,,,,$11-30,A,3.5,382.0,17.75
50007126,SANDWICHERIE OF NEW YORK,Sandwicherie of New York,100.0,0.5961380597014926,,,,No,,Yes,,,,,,,,,Yes,,,,,,,,,,,,,,,,$11-30,A,3.5,137.0,18.0
50008145,MIGHTY QUINN'S BBQ,Mighty Quinn’s Barbeque,83.0,0.7255375,,,,Beer & Wine Only,,Yes,,,,,,,"Garage, Street",,Yes,,,,,,,Casual,,,,,,,,,$11-30,A,4.0,378.0,13.0
50011049,LIGHTHOUSE FISHMARKET,Lighthouse Fish Market & Restaurant,75.0,0.47338895348837207,,,,No,,Yes,,,,,,,Garage,,Yes,,,,,,,,,,,,,,,,$11-30,,3.5,172.0,22.0
50012158,MEZZROW,Mezzrow,100.0,0.6630432835820896,,,,Full Bar,,,,,,,,,Street,,,,,,,,,,,,,,,Live,,,Moderate,B,4.0,67.0,17.5
50013284,SOHO ROOM,SoHo Room,100.0,0.474695945945946,,,,Full Bar,,No,,,,,,,Street,,Yes,,,,,,,Casual,,,,,,Juke Box,,,$11-30,A,3.0,148.0,24.666666666666668
50013823,MAX FISH,Max Fish,100.0,0.3701469387755103,,,,Full Bar,,,,,,,,,Street,,,,,,,,,,,,,,,DJ,,,Inexpensive,A,3.5,49.0,13.333333333333334
50016770,THE MILTON,The Milton,100.0,0.788369,,,,Full Bar,,Yes,,,,,,,Street,,Yes,,,,,,,Casual,,,,,,,,,$11-30,A,4.0,349.0,21.0
50034094,BROTHERS BAKERY CAFE,Brother’s Bakery Cafe,98.0,0.5064242424242426,,,,,,Yes,,,,,,,Street,,Yes,,,,,,,,,,,,,,,,Moderate,A,3.0,67.0,12.0
50034739,ELLINGTON IN THE PARK,Ellington in the Park,100.0,0.6014474358974358,,,,Full Bar,,No,,,,,,,,,Yes,,,,,,,Casual,,,,,,,,,$11-30,,3.5,78.0,11.0
50035825,BOOTS AND SADDLE,Boots & Saddle - CLOSED,67.0,0.6725020408163265,,,,Full Bar,,,,,,,,,Street,,,,,,,,,,,,,,,DJ,,,Moderate,A,3.5,49.0,22.0
50036199,NOMO SOHO,NOMO SOHO,100.0,0.42811913580246913,,,,,,,,,,,,,,,,,,,,,,,,,,,,,,,Pricey,A,3.0,164.0,15.5
50036696,FRIEDMAN'S,Friedmans,95.0,0.7318009999999999,,,,Full Bar,,Yes,,,,,,,Street,,Yes,,,,,,,Casual,,,,,,,,,$11-30,,4.0,201.0,9.333333333333334
50037442,WEST END HALL BEER GARDEN,West End Hall,68.0,0.564918,,,,Full Bar,,Yes,,,,,,,Street,,Yes,,,,,,,Casual,,,,,,,,,$11-30,A,3.5,205.0,19.666666666666668
50039396,SUGAR FACTORY MEATPACKING,Sugar Factory,68.0,0.687735,,,,Full Bar,,No,,,,,,,Street,,Yes,,,,,,,Casual,,,,,,,,,$31-60,B,3.5,1259.0,29.5
50040533,CHELSEA CREAMLINE,Creamline,69.0,0.6660640000000001,,,,Beer & Wine Only,,Yes,,,,,,,Street,,Yes,,,,,,,,,,,,,,,,$11-30,,4.0,273.0,10.5
50040782,SUBWAY INN,Subway Inn,100.0,0.575173469387755,,,,Full Bar,,,,,,,,,,,,,,,,,,,,,,,,Juke Box,,,Moderate,A,3.5,49.0,9.5
50043879,VANDAL,Vandal,100.0,0.8182860000000001,,,,Full Bar,,,,,,,,,Street,,,,,,,,,,,,,,,,,,Pricey,A,3.5,1151.0,16.666666666666668
50043978,KINGSLEY,Kingsley,100.0,0.6809762962962963,,,,Full Bar,,No,,,,,,,Street,,No,,,,,,,Casual,,,,,,Background,,,$31-60,A,3.5,135.0,29.0
50043979,PFIZER CAFE,Pier i Cafe,82.0,0.7933344999999999,,,,Full Bar,,No,,,,,,,Street,,Yes,,,,,,,Casual,,,,,,,,,$11-30,A,4.0,372.0,15.0
50044252,OPEN MARKET,Open Market,100.0,0.3534434782608696,,,,Beer & Wine Only,,Yes,,,,,,,Street,,Yes,,,,,,,,,,,,,,,,$11-30,A,2.5,46.0,19.666666666666668
50044736,GEBHARD'S BEER CULTURE,Gebhard’s Beer Culture,95.0,0.6834038461538463,,,,Beer & Wine Only,,No,,,,,,,Street,,Yes,,,,,,,Casual,,,,,,,,,$11-30,A,4.0,104.0,15.0
50045727,LENWICH,Lenwich,100.0,0.4391580882352941,,,,No,,Yes,,,,,,,Street,,Yes,,,,,,,,,,,,,,,,Under $10,A,3.0,136.0,14.5
50045947,SPRINGBONE KITCHEN,Springbone Kitchen,100.0,0.753729,,,,No,,Yes,,,,,,,,,Yes,,,,,,,,,,,,,,,,$11-30,A,4.0,201.0,42.25
50047825,L'AMICO/THE VINE,L’Amico NYC,59.0,0.720939,,,,Full Bar,,No,,,,,,,,,Yes,,,,,,,Casual,,,,,,,,,$31-60,,3.5,342.0,29.666666666666668
50048433,FLUFFY'S CAFE & PIZZERIA,Fluffy’s Cafe & Pizzeria,96.0,0.5136105000000001,,,,No,,Yes,,,,,,,,,Yes,,,,,,,Casual,,,,,,,,,Under $10,A,3.5,208.0,36.5
50049008,TABLETIME,Tabletime,100.0,0.6686311111111111,,,,No,,Yes,,,,,,,,,Yes,,,,,,,,,,,,,,,,$11-30,A,4.0,45.0,15.0
50050961,UNION FARE,Union Fare Restaurant - CLOSED,50.0,0.7111615,,,,Full Bar,,Yes,,,,,,,"Garage, Street",,Yes,,,,,,,Casual,,,,,,,,,$31-60,,3.5,326.0,20.5
50053069,CONVENE 237 PARK,Convene,61.0,0.9682,,,,,,,,,,,,,,,,,,,,,,,,,,,,,,,,A,5.0,1.0,8.0
50053557,LENWICH,Lenwich,100.0,0.19338750000000002,,,,No,,Yes,,,,,,,Street,,Yes,,,,,,,,,,,,,,,,$11-30,,2.5,48.0,7.0
50055081,ANDAZ 5TH AVENUE,Andaz 5th Avenue-a concept by Hyatt,63.0,0.8163855,,,,,,,,,,,,,,,,,,,,,,,,,,,,,,,Pricey,A,4.0,221.0,32.0
50056770,ESSEN,Essen,100.0,0.14927647058823526,,,,No,,Yes,,,,,,,,,Yes,,,,,,,,,,,,,,,,$11-30,A,2.5,87.0,11.5
50057253,CHAMPIGNON CAFE,Champignon,80.0,0.6594725,,,,Full Bar,,Yes,,,,,,,Street,,Yes,,,,,,,Casual,,,,,,,,,$11-30,A,3.5,226.0,12.5
50057332,ANTICA,Antica Pesa,71.0,0.6017185,,,,Full Bar,,Yes,,,,,,,Street,,No,,,,,,,Casual,,,,,,,,,$31-60,A,3.5,324.0,26.5
50063834,AVIATOR GRILL AT INTREPID,Vinegar Hill House,47.0,0.6878449999999999,,,,Full Bar,,Yes,,,,,,,Street,,No,,,,,,,Casual,,,,,,,,,$31-60,A,3.5,624.0,17.0
50066911,CAFE WATER,Cafe Water,100.0,0.4181,,,,Beer & Wine Only,,Yes,,,,,,,Street,,Yes,,,,,,,,,,,,,,,,$11-30,A,3.0,73.0,26.0
50072059,DIG INN,Dig Inn,100.0,0.787657142857143,,,,No,,Yes,,,,,,,Street,,Yes,,,,,,,Casual,,,,,,,,,$11-30,,4.5,42.0,8.0
50074809,MOONSTRUCK EATERY,Moonstruck Eatery,100.0,0.41711276595744673,,,,Beer & Wine Only,,No,,,,,,,"Garage, Street",,Yes,,,,,,,Casual,,,,,,,,,$11-30,A,3.0,144.0,36.0
50078482,AU JUS,Au Jus,100.0,0.8194170212765955,,,,No,,Yes,,,,,,,Street,,Yes,,,,,,,,,,,,,,,,$11-30,A,4.5,188.0,
