CAMIS,DBA,BORO,BUILDING,STREET,ZIPCODE,PHONE,CUISINE DESCRIPTION,INSPECTION DATE,ACTION,VIOLATION CODE,VIOLATION DESCRIPTION,CRITICAL FLAG,SCORE,GRADE,GRADE DATE,RECORD DATE,INSPECTION TYPE
40364362,21 CLUB,MANHATTAN,21,WEST   52 STREET,10019.0,2125827200,American,2018-06-23,Violations were cited in the following area(s).,06D,"Food contact surface not properly washed, rinsed and sanitized after each use and following any activity when contamination may have occurred.",Critical,10.0,A,2018-06-23,2018-11-12,Cycle Inspection / Re-inspection
40365968,NANCY WHISKEY PUB,MANHATTAN,1,LISPENARD ST,10013.0,2122269943,American,2016-03-18,Violations were cited in the following area(s).,04H,"Raw, cooked or prepared food is adulterated, contaminated, cross-contaminated, or not discarded in accordance with HACCP plan.",Critical,8.0,A,2016-03-18,2018-11-12,Cycle Inspection / Re-inspection
40366381,DANGERFIELD'S NIGHT CLUB,MANHATTAN,1118,1 AVENUE,10065.0,2125931650,American,2016-02-24,Violations were cited in the following area(s).,04A,Food Protection Certificate not held by supervisor of food operations.,Critical,12.0,A,2016-02-24,2018-11-12,Cycle Inspection / Initial Inspection
40367365,FLAME RESTAURANT COFFEE HOUSE,MANHATTAN,893,9 AVENUE,10019.0,2127657962,American,2018-01-24,Violations were cited in the following area(s).,06D,"Food contact surface not properly washed, rinsed and sanitized after each use and following any activity when contamination may have occurred.",Critical,13.0,A,2018-01-24,2018-11-12,Cycle Inspection / Re-inspection
40376515,AMERICAN MUSEUM OF NATURAL HISTORY FOOD COURT,MANHATTAN,,W 79 STREET,10024.0,2127695370,American,2018-03-08,Violations were cited in the following area(s).,10F,"Non-food contact surface improperly constructed. Unacceptable material used. Non-food contact surface or equipment improperly maintained and/or not properly sealed, raised, spaced or movable to allow accessibility for cleaning on all sides, above and underneath the unit.",Not Critical,7.0,A,2018-03-08,2018-11-12,Cycle Inspection / Initial Inspection
40387990,T.G.I. FRIDAY'S,MANHATTAN,47,BROADWAY,10006.0,2124838321,American,2018-07-31,Violations were cited in the following area(s).,10B,Plumbing not properly installed or maintained; anti-siphonage or backflow prevention device not provided where required; equipment or floor not properly drained; sewage disposal system in disrepair or not functioning properly.,Not Critical,4.0,A,2018-07-31,2018-11-12,Cycle Inspection / Initial Inspection
40388218,WALKER'S RESTAURANT,MANHATTAN,16,NORTH MOORE STREET,10013.0,2129410142,American,2015-11-30,Violations were cited in the following area(s).,04N,"Filth flies or food/refuse/sewage-associated (FRSA) flies present in facilitys food and/or non-food areas. Filth flies include house flies, little house flies, blow flies, bottle flies and flesh flies. Food/refuse/sewage-associated flies include fruit flies, drain flies and Phorid flies.",Critical,11.0,A,2015-11-30,2018-11-12,Cycle Inspection / Initial Inspection
40392668,LUCYS,MANHATTAN,135,AVENUE A,10009.0,2126733824,American,2014-09-18,Violations were cited in the following area(s).,08C,Pesticide use not in accordance with label or applicable laws. Prohibited chemical used/stored. Open bait station used.,Not Critical,9.0,A,2014-09-18,2018-11-12,Cycle Inspection / Initial Inspection
40393558,FITZGERALD'S PUB,MANHATTAN,336,THIRD AVENUE,10010.0,2126796931,American,2016-11-28,Violations were cited in the following area(s).,10B,Plumbing not properly installed or maintained; anti-siphonage or backflow prevention device not provided where required; equipment or floor not properly drained; sewage disposal system in disrepair or not functioning properly.,Not Critical,13.0,A,2016-11-28,2018-11-12,Cycle Inspection / Initial Inspection
40399057,9TH AVE SALOON,MANHATTAN,656,9 AVENUE,10036.0,2123071503,American,2016-03-21,Violations were cited in the following area(s).,04L,Evidence of mice or live mice present in facility's food and/or non-food areas.,Critical,26.0,A,2015-02-26,2018-11-12,Cycle Inspection / Initial Inspection
40401422,BROADWAY DIVE,MANHATTAN,2662,BROADWAY,10025.0,2128652662,American,2016-05-02,Violations were cited in the following area(s).,10F,"Non-food contact surface improperly constructed. Unacceptable material used. Non-food contact surface or equipment improperly maintained and/or not properly sealed, raised, spaced or movable to allow accessibility for cleaning on all sides, above and underneath the unit.",Not Critical,7.0,A,2016-05-02,2018-11-12,Cycle Inspection / Re-inspection
40402393,HARVARD CLUB,MANHATTAN,27,WEST   44 STREET,10036.0,2128406600,American,2016-03-21,Violations were cited in the following area(s).,10F,"Non-food contact surface improperly constructed. Unacceptable material used. Non-food contact surface or equipment improperly maintained and/or not properly sealed, raised, spaced or movable to allow accessibility for cleaning on all sides, above and underneath the unit.",Not Critical,2.0,A,2016-03-21,2018-11-12,Cycle Inspection / Initial Inspection
40402527,MADISON SQUARE,MANHATTAN,51,MADISON AVE,10010.0,2125766303,American,2018-03-23,Violations were cited in the following area(s).,04M,Live roaches present in facility's food and/or non-food areas.,Critical,12.0,A,2018-03-23,2018-11-12,Cycle Inspection / Initial Inspection
40404024,THE PENN CLUB,MANHATTAN,30,WEST   44 STREET,10036.0,2124036544,American,2017-08-08,Violations were cited in the following area(s).,10H,Proper sanitization not provided for utensil ware washing operation.,Not Critical,12.0,A,2017-08-08,2018-11-12,Cycle Inspection / Initial Inspection
40483697,LUNT FONTANNE THEATER,MANHATTAN,205,WEST   46 STREET,10036.0,2123544624,American,2015-11-05,Violations were cited in the following area(s).,10B,Plumbing not properly installed or maintained; anti-siphonage or backflow prevention device not provided where required; equipment or floor not properly drained; sewage disposal system in disrepair or not functioning properly.,Not Critical,4.0,A,2015-11-05,2018-11-12,Cycle Inspection / Initial Inspection
40510335,DEVON & BLAKELY,MANHATTAN,250,PARK AVENUE,10177.0,2126610101,American,2017-05-02,Violations were cited in the following area(s).,10F,"Non-food contact surface improperly constructed. Unacceptable material used. Non-food contact surface or equipment improperly maintained and/or not properly sealed, raised, spaced or movable to allow accessibility for cleaning on all sides, above and underneath the unit.",Not Critical,6.0,A,2017-05-02,2018-11-12,Cycle Inspection / Initial Inspection
40535399,VON,MANHATTAN,3,BLEECKER STREET,10012.0,2124733039,American,2018-02-06,Violations were cited in the following area(s).,04A,Food Protection Certificate not held by supervisor of food operations.,Critical,22.0,B,2018-06-25,2018-11-12,Cycle Inspection / Initial Inspection
40545130,SPEEDY'S DELI,MANHATTAN,1271,BROADWAY,10001.0,2126838997,American,2017-07-24,Violations were cited in the following area(s).,04M,Live roaches present in facility's food and/or non-food areas.,Critical,17.0,A,2018-07-16,2018-11-12,Cycle Inspection / Initial Inspection
40559636,TRATTORIA BIANCA,MANHATTAN,481,8 AVENUE,10001.0,2122688460,American,2017-04-24,Violations were cited in the following area(s).,06D,"Food contact surface not properly washed, rinsed and sanitized after each use and following any activity when contamination may have occurred.",Critical,22.0,A,2018-06-19,2018-11-12,Cycle Inspection / Initial Inspection
40560945,AMBASSADOR THEATRE,MANHATTAN,219,WEST   49 STREET,10019.0,2125867610,American,2018-06-09,Violations were cited in the following area(s).,20F,Current letter grade card not posted.,Not Critical,2.0,A,2015-11-19,2018-11-12,Administrative Miscellaneous / Initial Inspection
40564625,WAKAMBA,MANHATTAN,543,8 AVENUE,10018.0,2125642042,American,2016-05-10,Violations were cited in the following area(s).,09C,Food contact surface not properly maintained.,Not Critical,9.0,A,2016-05-10,2018-11-12,Cycle Inspection / Initial Inspection
40571896,TURTLE BAY GRILL AND LOUNGE,MANHATTAN,987,2 AVENUE,10022.0,2122234224,American,2018-02-12,Violations were cited in the following area(s).,08A,Facility not vermin proof. Harborage or conditions conducive to attracting vermin to the premises and/or allowing vermin to exist.,Not Critical,32.0,A,2017-06-05,2018-11-12,Cycle Inspection / Initial Inspection
40592285,BOWLMOR CHELSEA PIERS,MANHATTAN,60,CHELSEA PIERS,10011.0,2128352695,American,2016-11-14,Violations were cited in the following area(s).,08A,Facility not vermin proof. Harborage or conditions conducive to attracting vermin to the premises and/or allowing vermin to exist.,Not Critical,17.0,A,2017-02-21,2018-11-12,Cycle Inspection / Initial Inspection
40592566,FRED'S,MANHATTAN,476,AMSTERDAM AVE,10024.0,2125793076,American,2017-07-27,Violations were cited in the following area(s).,10B,Plumbing not properly installed or maintained; anti-siphonage or backflow prevention device not provided where required; equipment or floor not properly drained; sewage disposal system in disrepair or not functioning properly.,Not Critical,7.0,A,2017-07-27,2018-11-12,Cycle Inspection / Initial Inspection
40619544,CAFETERIA,MANHATTAN,119,7 AVENUE,10011.0,2124141717,American,2016-12-05,Violations were cited in the following area(s).,06E,"Sanitized equipment or utensil, including in-use food dispensing utensil, improperly used or stored.",Critical,13.0,A,2016-12-05,2018-11-12,Cycle Inspection / Initial Inspection
40638792,MERCER KITCHEN,MANHATTAN,99,PRINCE STREET,10012.0,2129665454,American,2017-04-24,Violations were cited in the following area(s).,10B,Plumbing not properly installed or maintained; anti-siphonage or backflow prevention device not provided where required; equipment or floor not properly drained; sewage disposal system in disrepair or not functioning properly.,Not Critical,10.0,A,2017-04-24,2018-11-12,Cycle Inspection / Initial Inspection
40645474,OLD JOHN'S LUNCHEONETTE,MANHATTAN,148,WEST   67 STREET,10023.0,2128742700,American,2018-05-02,Violations were cited in the following area(s).,10F,"Non-food contact surface improperly constructed. Unacceptable material used. Non-food contact surface or equipment improperly maintained and/or not properly sealed, raised, spaced or movable to allow accessibility for cleaning on all sides, above and underneath the unit.",Not Critical,13.0,A,2018-05-02,2018-11-12,Cycle Inspection / Initial Inspection
40653502,V-BAR & CAFE,MANHATTAN,225,SULLIVAN STREET,10012.0,2122535740,American,2018-08-22,Violations were cited in the following area(s).,04N,"Filth flies or food/refuse/sewage-associated (FRSA) flies present in facilitys food and/or non-food areas. Filth flies include house flies, little house flies, blow flies, bottle flies and flesh flies. Food/refuse/sewage-associated flies include fruit flies, drain flies and Phorid flies.",Critical,50.0,A,2016-07-19,2018-11-12,Cycle Inspection / Initial Inspection
40690019,MODERN GOURMET,MANHATTAN,793,BROADWAY,10003.0,2126770047,American,2018-01-04,Violations were cited in the following area(s).,06C,"Food not protected from potential source of contamination during storage, preparation, transportation, display or service.",Critical,32.0,B,2018-01-24,2018-11-12,Cycle Inspection / Initial Inspection
40726811,RELIABLE FOOD,MANHATTAN,59,EAST   54 STREET,10022.0,2127506363,American,2018-06-21,Violations were cited in the following area(s).,06C,"Food not protected from potential source of contamination during storage, preparation, transportation, display or service.",Critical,12.0,A,2018-06-21,2018-11-12,Cycle Inspection / Re-inspection
40750275,BROADWAY LOUNGE,MANHATTAN,1535,BROADWAY,10036.0,2123981900,American,2018-10-23,Violations were cited in the following area(s).,10F,"Non-food contact surface improperly constructed. Unacceptable material used. Non-food contact surface or equipment improperly maintained and/or not properly sealed, raised, spaced or movable to allow accessibility for cleaning on all sides, above and underneath the unit.",Not Critical,9.0,A,2018-10-23,2018-11-12,Cycle Inspection / Initial Inspection
40783655,GEORGIOS COUNTRY GRILL,MANHATTAN,801,9 AVENUE,10019.0,2129771150,American,2018-06-19,Violations were cited in the following area(s).,04L,Evidence of mice or live mice present in facility's food and/or non-food areas.,Critical,19.0,A,2018-07-20,2018-11-12,Cycle Inspection / Initial Inspection
40806208,PAUL WEISS RIFKIN WHARTON,MANHATTAN,1285,6 AVENUE,10019.0,2123732423,American,2016-07-20,Violations were cited in the following area(s).,10F,"Non-food contact surface improperly constructed. Unacceptable material used. Non-food contact surface or equipment improperly maintained and/or not properly sealed, raised, spaced or movable to allow accessibility for cleaning on all sides, above and underneath the unit.",Not Critical,11.0,A,2016-07-20,2018-11-12,Cycle Inspection / Initial Inspection
40831779,KOYZINA KAFE,MANHATTAN,62,WILLIAM STREET,10005.0,2123449898,American,2016-10-19,Violations were cited in the following area(s).,06F,Wiping cloths soiled or not stored in sanitizing solution.,Critical,5.0,A,2016-10-19,2018-11-12,Cycle Inspection / Initial Inspection
40850071,DEBEVOISE & PLIMPTON,MANHATTAN,919,3 AVENUE,10022.0,2129096199,American,2016-09-21,Violations were cited in the following area(s).,10F,"Non-food contact surface improperly constructed. Unacceptable material used. Non-food contact surface or equipment improperly maintained and/or not properly sealed, raised, spaced or movable to allow accessibility for cleaning on all sides, above and underneath the unit.",Not Critical,9.0,A,2016-09-21,2018-11-12,Cycle Inspection / Initial Inspection
40851227,THE MAGICIAN,MANHATTAN,118,RIVINGTON STREET,10002.0,2126737851,American,2016-05-18,Violations were cited in the following area(s).,15L,"Smoke free workplace smoking policy inadequate, not posted, not provided to employees.",Not Critical,10.0,A,2016-05-18,2018-11-12,Smoke-Free Air Act / Initial Inspection
40875955,CHASE EDR,MANHATTAN,270,PARK AVENUE,10017.0,2122707071,American,2016-11-02,Violations were cited in the following area(s).,10B,Plumbing not properly installed or maintained; anti-siphonage or backflow prevention device not provided where required; equipment or floor not properly drained; sewage disposal system in disrepair or not functioning properly.,Not Critical,10.0,A,2016-11-02,2018-11-12,Cycle Inspection / Initial Inspection
40932307,FIDDLESTICKS,MANHATTAN,5456,GREENWICH AVENUE,,2124630516,American,2018-03-14,Violations were cited in the following area(s).,09A,Canned food product observed dented and not segregated from other consumable food items.,Not Critical,12.0,A,2018-03-14,2018-11-12,Cycle Inspection / Initial Inspection
40937349,JAKE'S SALOON,MANHATTAN,875,10 AVENUE,10019.0,2123333100,American,2016-06-06,Violations were cited in the following area(s).,10F,"Non-food contact surface improperly constructed. Unacceptable material used. Non-food contact surface or equipment improperly maintained and/or not properly sealed, raised, spaced or movable to allow accessibility for cleaning on all sides, above and underneath the unit.",Not Critical,11.0,A,2016-06-06,2018-11-12,Cycle Inspection / Re-inspection
40938961,CIELO,MANHATTAN,18,LITTLE WEST 12 STREET,10014.0,2126911193,American,2017-06-23,Violations were cited in the following area(s).,10B,Plumbing not properly installed or maintained; anti-siphonage or backflow prevention device not provided where required; equipment or floor not properly drained; sewage disposal system in disrepair or not functioning properly.,Not Critical,11.0,A,2017-06-23,2018-11-12,Cycle Inspection / Re-inspection
40943583,THE PRESS BOX,MANHATTAN,932,2 AVENUE,10022.0,2123171826,American,2015-11-24,Violations were cited in the following area(s).,10B,Plumbing not properly installed or maintained; anti-siphonage or backflow prevention device not provided where required; equipment or floor not properly drained; sewage disposal system in disrepair or not functioning properly.,Not Critical,12.0,A,2015-11-24,2018-11-12,Cycle Inspection / Re-inspection
40953735,CUCINA AND CO.,MANHATTAN,600,5 AVENUE,10020.0,2123327633,American,2017-01-10,Violations were cited in the following area(s).,06E,"Sanitized equipment or utensil, including in-use food dispensing utensil, improperly used or stored.",Critical,8.0,A,2017-01-10,2018-11-12,Cycle Inspection / Re-inspection
40955456,THE MERCER SUBMERCER,MANHATTAN,147,MERCER STREET,10012.0,2129666060,American,2015-09-11,Violations were cited in the following area(s).,10B,Plumbing not properly installed or maintained; anti-siphonage or backflow prevention device not provided where required; equipment or floor not properly drained; sewage disposal system in disrepair or not functioning properly.,Not Critical,2.0,A,2015-09-11,2018-11-12,Cycle Inspection / Initial Inspection
40958613,CITY DINER,MANHATTAN,2441,BROADWAY,10024.0,2128772720,American,2017-07-03,Violations were cited in the following area(s).,10B,Plumbing not properly installed or maintained; anti-siphonage or backflow prevention device not provided where required; equipment or floor not properly drained; sewage disposal system in disrepair or not functioning properly.,Not Critical,11.0,A,2017-07-03,2018-11-12,Cycle Inspection / Initial Inspection
40988754,UNION BANK OF SWITZERLAND,MANHATTAN,1285,6 AVENUE,10019.0,2127134875,American,2018-08-07,Violations were cited in the following area(s).,10B,Plumbing not properly installed or maintained; anti-siphonage or backflow prevention device not provided where required; equipment or floor not properly drained; sewage disposal system in disrepair or not functioning properly.,Not Critical,2.0,A,2018-08-07,2018-11-12,Cycle Inspection / Initial Inspection
40994007,CONTINENTAL,MANHATTAN,25,3 AVENUE,10003.0,2125296924,American,2017-03-07,Violations were cited in the following area(s).,10J,''''Wash hands sign not posted at hand wash facility.,Not Critical,7.0,A,2017-03-07,2018-11-12,Cycle Inspection / Initial Inspection
41007868,PAX,MANHATTAN,520,8 AVENUE,10018.0,2127140555,American,2017-12-01,Violations were cited in the following area(s).,10F,"Non-food contact surface improperly constructed. Unacceptable material used. Non-food contact surface or equipment improperly maintained and/or not properly sealed, raised, spaced or movable to allow accessibility for cleaning on all sides, above and underneath the unit.",Not Critical,13.0,A,2017-12-01,2018-11-12,Cycle Inspection / Initial Inspection
41013755,RUMOURS,MANHATTAN,933,8 AVENUE,10019.0,2127572373,American,2017-11-15,Violations were cited in the following area(s).,04N,"Filth flies or food/refuse/sewage-associated (FRSA) flies present in facilitys food and/or non-food areas. Filth flies include house flies, little house flies, blow flies, bottle flies and flesh flies. Food/refuse/sewage-associated flies include fruit flies, drain flies and Phorid flies.",Critical,11.0,A,2017-11-15,2018-11-12,Cycle Inspection / Initial Inspection
41032440,CLIFFORD CHANCE CAFETERIA,MANHATTAN,31,WEST   52 STREET,10019.0,2128788287,American,2016-04-14,Violations were cited in the following area(s).,08A,Facility not vermin proof. Harborage or conditions conducive to attracting vermin to the premises and/or allowing vermin to exist.,Not Critical,12.0,A,2016-04-14,2018-11-12,Cycle Inspection / Initial Inspection
41040475,GRAMERCY  ALE HOUSE,MANHATTAN,272,3 AVENUE,10010.0,6466783566,American,2015-10-21,Violations were cited in the following area(s).,04N,"Filth flies or food/refuse/sewage-associated (FRSA) flies present in facilitys food and/or non-food areas. Filth flies include house flies, little house flies, blow flies, bottle flies and flesh flies. Food/refuse/sewage-associated flies include fruit flies, drain flies and Phorid flies.",Critical,20.0,C,2016-06-24,2018-11-12,Cycle Inspection / Initial Inspection
41056943,THE SCHOOL AT COLUMBIA UNIVERSITY,MANHATTAN,556,WEST  110 STREET,10025.0,2128514289,American,2016-04-26,Violations were cited in the following area(s).,10F,"Non-food contact surface improperly constructed. Unacceptable material used. Non-food contact surface or equipment improperly maintained and/or not properly sealed, raised, spaced or movable to allow accessibility for cleaning on all sides, above and underneath the unit.",Not Critical,11.0,A,2016-04-26,2018-11-12,Cycle Inspection / Initial Inspection
41073072,LIBATION,MANHATTAN,137,LUDLOW STREET,10002.0,2125292153,American,2018-09-21,Violations were cited in the following area(s).,15F,"Non-food contact surface improperly constructed. Unacceptable material used. Non-food contact surface or equipment improperly maintained and/or not properly sealed, raised, spaced or movable to allow accessibility for cleaning on all sides, above and underneath the unit.",Not Applicable,12.0,A,2017-03-24,2018-11-12,Smoke-Free Air Act / Re-inspection
41074013,CAFE MANHATTAN,MANHATTAN,35,WEST   45 STREET,10036.0,2129211515,American,2018-01-12,Violations were cited in the following area(s).,02B,Hot food item not held at or above 140Âº F.,Critical,19.0,B,2018-02-13,2018-11-12,Cycle Inspection / Initial Inspection
41087519,REDEMPTION,MANHATTAN,1003,2 AVENUE,10022.0,2123194545,American,2016-08-31,Violations were cited in the following area(s).,04L,Evidence of mice or live mice present in facility's food and/or non-food areas.,Critical,26.0,B,2016-08-31,2018-11-12,Cycle Inspection / Re-inspection
41116011,CAFE PLAZA DELI,MANHATTAN,11,BROADWAY,10004.0,2128094101,American,2015-07-06,Violations were cited in the following area(s).,09B,Thawing procedures improper.,Not Critical,30.0,A,2017-03-10,2018-11-12,Cycle Inspection / Initial Inspection
41140991,CIPRIANI,MANHATTAN,55,WALL STREET,10005.0,6467230812,American,2015-12-14,Violations were cited in the following area(s).,08A,Facility not vermin proof. Harborage or conditions conducive to attracting vermin to the premises and/or allowing vermin to exist.,Not Critical,33.0,C,2015-12-14,2018-11-12,Cycle Inspection / Re-inspection
41151507,BG RESTAURANT,MANHATTAN,754,5 AVENUE,10019.0,2128728977,American,2015-06-11,Violations were cited in the following area(s).,10F,"Non-food contact surface improperly constructed. Unacceptable material used. Non-food contact surface or equipment improperly maintained and/or not properly sealed, raised, spaced or movable to allow accessibility for cleaning on all sides, above and underneath the unit.",Not Critical,7.0,A,2015-06-11,2018-11-12,Cycle Inspection / Re-inspection
41153872,THE MANSION,MANHATTAN,1634,YORK AVENUE,10028.0,2125358888,American,2017-07-06,Violations were cited in the following area(s).,10B,Plumbing not properly installed or maintained; anti-siphonage or backflow prevention device not provided where required; equipment or floor not properly drained; sewage disposal system in disrepair or not functioning properly.,Not Critical,7.0,A,2017-07-06,2018-11-12,Cycle Inspection / Initial Inspection
41156294,TELEON CAFE,MANHATTAN,264,WEST   40 STREET,10018.0,2125753838,American,2017-08-29,Violations were cited in the following area(s).,06C,"Food not protected from potential source of contamination during storage, preparation, transportation, display or service.",Critical,13.0,A,2017-08-29,2018-11-12,Cycle Inspection / Re-inspection
41177205,TONIC EAST,MANHATTAN,411,3 AVENUE,10016.0,2126837090,American,2015-07-24,Violations were cited in the following area(s).,08A,Facility not vermin proof. Harborage or conditions conducive to attracting vermin to the premises and/or allowing vermin to exist.,Not Critical,16.0,B,2015-07-24,2018-11-12,Cycle Inspection / Re-inspection
41197487,HEARST CORPORATION EDR,MANHATTAN,300,WEST   57 STREET,10019.0,2126492542,American,2017-04-14,Violations were cited in the following area(s).,10F,"Non-food contact surface improperly constructed. Unacceptable material used. Non-food contact surface or equipment improperly maintained and/or not properly sealed, raised, spaced or movable to allow accessibility for cleaning on all sides, above and underneath the unit.",Not Critical,2.0,A,2017-04-14,2018-11-12,Cycle Inspection / Initial Inspection
41199657,FREDERIC FEKKAI NEW YORK,MANHATTAN,712,5 AVENUE,10019.0,2127539500,American,2016-05-19,Violations were cited in the following area(s).,06E,"Sanitized equipment or utensil, including in-use food dispensing utensil, improperly used or stored.",Critical,7.0,A,2016-05-19,2018-11-12,Cycle Inspection / Initial Inspection
41202797,MARSHALL STACK,MANHATTAN,6668,RIVINGTON STREET,,2122284667,American,2015-03-10,Violations were cited in the following area(s).,10F,"Non-food contact surface improperly constructed. Unacceptable material used. Non-food contact surface or equipment improperly maintained and/or not properly sealed, raised, spaced or movable to allow accessibility for cleaning on all sides, above and underneath the unit.",Not Critical,7.0,A,2015-03-10,2018-11-12,Cycle Inspection / Re-inspection
41213441,N.Y. ACADEMY OF SCIENCE,MANHATTAN,250,GREENWICH STREET,10007.0,2122988623,American,2015-10-13,Violations were cited in the following area(s).,10I,"Single service item reused, improperly stored, dispensed; not used when required.",Not Critical,7.0,A,2015-10-13,2018-11-12,Cycle Inspection / Initial Inspection
41216379,EASTERN BLOC / Club Cumming,MANHATTAN,505,EAST    6 STREET,10009.0,2127772555,American,2015-05-05,Violations were cited in the following area(s).,06D,"Food contact surface not properly washed, rinsed and sanitized after each use and following any activity when contamination may have occurred.",Critical,10.0,B,2018-01-17,2018-11-12,Cycle Inspection / Initial Inspection
41219793,THE MONKEY ROOM,MANHATTAN,589,FORT WASHINGTON AVENUE,10033.0,2125439888,American,2015-08-24,Violations were cited in the following area(s).,02G,Cold food item held above 41Âº F (smoked fish and reduced oxygen packaged foods above 38 ÂºF) except during necessary preparation.,Critical,12.0,A,2015-08-24,2018-11-12,Cycle Inspection / Re-inspection
41228760,THE KITCHEN SINK,MANHATTAN,88,2 AVENUE,10003.0,2124208050,American,2018-03-12,Violations were cited in the following area(s).,10B,Plumbing not properly installed or maintained; anti-siphonage or backflow prevention device not provided where required; equipment or floor not properly drained; sewage disposal system in disrepair or not functioning properly.,Not Critical,11.0,A,2018-03-12,2018-11-12,Cycle Inspection / Initial Inspection
41239831,SLATTERY'S MIDTOWN PUB,MANHATTAN,8,EAST   36 STREET,10016.0,2126836444,American,2018-06-18,Violations were cited in the following area(s).,04L,Evidence of mice or live mice present in facility's food and/or non-food areas.,Critical,26.0,A,2015-09-10,2018-11-12,Cycle Inspection / Initial Inspection
41249394,THE GREY DOG'S COFFEE,MANHATTAN,90,UNIVERSITY PLACE,10003.0,2124144739,American,2015-06-17,Violations were cited in the following area(s).,06A,Personal cleanliness inadequate. Outer garment soiled with possible contaminant.  Effective hair restraint not worn in an area where food is prepared.,Critical,18.0,A,2015-07-15,2018-11-12,Cycle Inspection / Initial Inspection
41257879,METROPOLITAN OPERA,MANHATTAN,0,LINCOLN CENTER PLAZA,10023.0,2127993401,American,2016-05-19,Violations were cited in the following area(s).,02B,Hot food item not held at or above 140Âº F.,Critical,29.0,A,2016-06-13,2018-11-12,Cycle Inspection / Initial Inspection
41263879,THE HALF PINT,MANHATTAN,234,THOMPSON STREET,10012.0,2122601088,American,2015-03-18,Violations were cited in the following area(s).,08A,Facility not vermin proof. Harborage or conditions conducive to attracting vermin to the premises and/or allowing vermin to exist.,Not Critical,26.0,A,2018-02-08,2018-11-12,Cycle Inspection / Initial Inspection
41267664,AILEY BOUTIQUE,MANHATTAN,405,WEST   55 STREET,10019.0,2124059100,American,2016-04-28,No violations were recorded at the time of this inspection.,10E,Accurate thermometer not provided in refrigerated or hot holding equipment.,Not Applicable,0.0,A,2016-04-28,2018-11-12,Cycle Inspection / Initial Inspection
41307684,LINKLATERS,MANHATTAN,1345,AVENUE OF THE AMERICAS,10105.0,2128309503,American,2016-07-28,Violations were cited in the following area(s).,06D,"Food contact surface not properly washed, rinsed and sanitized after each use and following any activity when contamination may have occurred.",Critical,5.0,A,2016-07-28,2018-11-12,Cycle Inspection / Initial Inspection
41317594,MARK FORGIONE,MANHATTAN,134,READE STREET,10013.0,2129419401,American,2016-01-14,Violations were cited in the following area(s).,08C,Pesticide use not in accordance with label or applicable laws. Prohibited chemical used/stored. Open bait station used.,Not Critical,6.0,A,2016-01-14,2018-11-12,Cycle Inspection / Re-inspection
41326189,ST JAMES GATE,MANHATTAN,441,AMSTERDAM AVENUE,10024.0,2123626202,American,2017-07-19,Violations were cited in the following area(s).,04M,Live roaches present in facility's food and/or non-food areas.,Critical,39.0,A,2016-06-08,2018-11-12,Cycle Inspection / Initial Inspection
41326368,EET,MANHATTAN,75,VARICK STREET,10013.0,6465369175,American,2017-05-15,Violations were cited in the following area(s).,10F,"Non-food contact surface improperly constructed. Unacceptable material used. Non-food contact surface or equipment improperly maintained and/or not properly sealed, raised, spaced or movable to allow accessibility for cleaning on all sides, above and underneath the unit.",Not Critical,9.0,A,2017-05-15,2018-11-12,Cycle Inspection / Re-inspection
41328516,SUTTON BAR ROOM,MANHATTAN,1074,1 AVENUE,10022.0,2129809850,American,2017-06-01,Violations were cited in the following area(s).,06D,"Food contact surface not properly washed, rinsed and sanitized after each use and following any activity when contamination may have occurred.",Critical,12.0,B,2016-10-03,2018-11-12,Cycle Inspection / Initial Inspection
41378319,L'ARTUSI,MANHATTAN,228,WEST   10 STREET,10014.0,2122555757,American,2018-05-31,Violations were cited in the following area(s).,02G,Cold food item held above 41Âº F (smoked fish and reduced oxygen packaged foods above 38 ÂºF) except during necessary preparation.,Critical,10.0,A,2017-02-24,2018-11-12,Cycle Inspection / Initial Inspection
41381714,DANCING CRANE CAFE,MANHATTAN,830,5 AVENUE,10065.0,2122886077,American,2018-07-17,Violations were cited in the following area(s).,09C,Food contact surface not properly maintained.,Not Critical,2.0,A,2018-07-17,2018-11-12,Cycle Inspection / Initial Inspection
41382108,PEARL DINER,MANHATTAN,212,PEARL STREET,10038.0,2123446620,American,2018-01-26,Violations were cited in the following area(s).,10B,Plumbing not properly installed or maintained; anti-siphonage or backflow prevention device not provided where required; equipment or floor not properly drained; sewage disposal system in disrepair or not functioning properly.,Not Critical,11.0,A,2018-01-26,2018-11-12,Cycle Inspection / Re-inspection
41387458,THE FLYING PUCK,MANHATTAN,364,7 AVENUE,10001.0,2127365353,American,2016-04-28,Violations were cited in the following area(s).,15L,"Smoke free workplace smoking policy inadequate, not posted, not provided to employees.",Not Critical,12.0,A,2016-11-22,2018-11-12,Smoke-Free Air Act / Initial Inspection
41417111,HAMPTON INN CHELSEA,MANHATTAN,108,WEST   24 STREET,10011.0,2124141000,American,2017-08-28,Violations were cited in the following area(s).,04A,Food Protection Certificate not held by supervisor of food operations.,Critical,10.0,A,2017-08-28,2018-11-12,Cycle Inspection / Re-inspection
41423957,BLOOMS DELICATESSEN AND RESTAURANT,MANHATTAN,124,EAST   40 STREET,10016.0,2129223663,American,2016-04-13,Violations were cited in the following area(s).,10F,"Non-food contact surface improperly constructed. Unacceptable material used. Non-food contact surface or equipment improperly maintained and/or not properly sealed, raised, spaced or movable to allow accessibility for cleaning on all sides, above and underneath the unit.",Not Critical,9.0,A,2016-04-13,2018-11-12,Cycle Inspection / Re-inspection
41426013,MIMOSA,MANHATTAN,253271,SHERMAN AVENUE,,2125440046,American,2016-06-17,Violations were cited in the following area(s).,04N,"Filth flies or food/refuse/sewage-associated (FRSA) flies present in facilitys food and/or non-food areas. Filth flies include house flies, little house flies, blow flies, bottle flies and flesh flies. Food/refuse/sewage-associated flies include fruit flies, drain flies and Phorid flies.",Critical,19.0,B,2016-06-17,2018-11-12,Cycle Inspection / Re-inspection
41444809,PRINT RESTAURANT/PRESS LOUNGE/BANQUET KITCHEN,MANHATTAN,653,11 AVENUE,10036.0,2127572294,American,2016-07-21,Violations were cited in the following area(s).,06D,"Food contact surface not properly washed, rinsed and sanitized after each use and following any activity when contamination may have occurred.",Critical,7.0,A,2016-07-21,2018-11-12,Cycle Inspection / Initial Inspection
41449148,TAZ CAFE,MANHATTAN,54,PINE STREET,10005.0,2123449100,American,2016-03-04,Violations were cited in the following area(s).,04N,"Filth flies or food/refuse/sewage-associated (FRSA) flies present in facilitys food and/or non-food areas. Filth flies include house flies, little house flies, blow flies, bottle flies and flesh flies. Food/refuse/sewage-associated flies include fruit flies, drain flies and Phorid flies.",Critical,9.0,A,2016-03-04,2018-11-12,Cycle Inspection / Initial Inspection
41468132,COLLAGE BISTRO & BAR,MANHATTAN,342,WEST   40 STREET,10018.0,2127066210,American,2016-11-07,Violations were cited in the following area(s).,06A,Personal cleanliness inadequate. Outer garment soiled with possible contaminant.  Effective hair restraint not worn in an area where food is prepared.,Critical,20.0,B,2016-11-07,2018-11-12,Cycle Inspection / Re-inspection
41469754,GOLDMAN SACHS,MANHATTAN,200,WEST STREET,10282.0,9173439899,American,2016-04-01,Violations were cited in the following area(s).,02G,Cold food item held above 41Âº F (smoked fish and reduced oxygen packaged foods above 38 ÂºF) except during necessary preparation.,Critical,7.0,A,2016-04-01,2018-11-12,Cycle Inspection / Initial Inspection
41474509,SHAKE SHACK,MANHATTAN,152,EAST   86 STREET,10028.0,6462375036,American,2016-04-21,Violations were cited in the following area(s).,10F,"Non-food contact surface improperly constructed. Unacceptable material used. Non-food contact surface or equipment improperly maintained and/or not properly sealed, raised, spaced or movable to allow accessibility for cleaning on all sides, above and underneath the unit.",Not Critical,11.0,A,2016-04-21,2018-11-12,Cycle Inspection / Initial Inspection
41490991,LIPS RESTAURANT,MANHATTAN,227,EAST   56 STREET,10022.0,2126757710,American,2018-01-30,Violations were cited in the following area(s).,08A,Facility not vermin proof. Harborage or conditions conducive to attracting vermin to the premises and/or allowing vermin to exist.,Not Critical,10.0,A,2016-03-18,2018-11-12,Cycle Inspection / Initial Inspection
41503751,STANTON SOCIAL,MANHATTAN,99,STANTON STREET,10002.0,2129950099,American,2017-03-07,Violations were cited in the following area(s).,09C,Food contact surface not properly maintained.,Not Critical,7.0,A,2017-03-07,2018-11-12,Cycle Inspection / Initial Inspection
41507697,BIER INTERNATIONAL,MANHATTAN,2099,8 AVENUE,10026.0,2122800944,American,2015-05-04,Violations were cited in the following area(s).,02G,Cold food item held above 41Âº F (smoked fish and reduced oxygen packaged foods above 38 ÂºF) except during necessary preparation.,Critical,12.0,A,2015-06-01,2018-11-12,Cycle Inspection / Initial Inspection
41518177,AU BON PAIN,MANHATTAN,525,EAST   68 STREET,10065.0,2127467642,American,2018-08-03,Violations were cited in the following area(s).,10F,"Non-food contact surface improperly constructed. Unacceptable material used. Non-food contact surface or equipment improperly maintained and/or not properly sealed, raised, spaced or movable to allow accessibility for cleaning on all sides, above and underneath the unit.",Not Critical,13.0,A,2018-08-03,2018-11-12,Cycle Inspection / Initial Inspection
41543885,THE DUTCH,MANHATTAN,131,SULLIVAN STREET,10012.0,2126776200,American,2018-02-07,Violations were cited in the following area(s).,06C,"Food not protected from potential source of contamination during storage, preparation, transportation, display or service.",Critical,6.0,A,2018-02-07,2018-11-12,Cycle Inspection / Initial Inspection
41560827,CIRCLE LINE BROOKLYN,MANHATTAN,0,WEST 42 STREET,,9172843261,American,2017-09-22,Violations were cited in the following area(s).,10F,"Non-food contact surface improperly constructed. Unacceptable material used. Non-food contact surface or equipment improperly maintained and/or not properly sealed, raised, spaced or movable to allow accessibility for cleaning on all sides, above and underneath the unit.",Not Critical,7.0,A,2017-09-22,2018-11-12,Cycle Inspection / Initial Inspection
41564945,RADIO CITY MUSIC HALL,MANHATTAN,1260,AVENUE OF THE AMERICAS,10020.0,2124857485,American,2017-08-09,Violations were cited in the following area(s).,10F,"Non-food contact surface improperly constructed. Unacceptable material used. Non-food contact surface or equipment improperly maintained and/or not properly sealed, raised, spaced or movable to allow accessibility for cleaning on all sides, above and underneath the unit.",Not Critical,2.0,A,2017-08-09,2018-11-12,Cycle Inspection / Initial Inspection
41566492,AU BON PAIN,MANHATTAN,525,EAST   68 STREET,10065.0,2127467642,American,2018-04-11,Violations were cited in the following area(s).,10B,Plumbing not properly installed or maintained; anti-siphonage or backflow prevention device not provided where required; equipment or floor not properly drained; sewage disposal system in disrepair or not functioning properly.,Not Critical,5.0,A,2018-04-11,2018-11-12,Cycle Inspection / Initial Inspection
41569979,SHAKE SHACK,MANHATTAN,102,NORTH END AVENUE,10282.0,6465454600,American,2017-06-09,Violations were cited in the following area(s).,10F,"Non-food contact surface improperly constructed. Unacceptable material used. Non-food contact surface or equipment improperly maintained and/or not properly sealed, raised, spaced or movable to allow accessibility for cleaning on all sides, above and underneath the unit.",Not Critical,3.0,A,2017-06-09,2018-11-12,Cycle Inspection / Initial Inspection
41586885,CENTRAL MARKET ALL AMERICAN GRILL,MANHATTAN,4,SOUTH STREET,10004.0,2125145220,American,2015-07-01,Violations were cited in the following area(s).,08A,Facility not vermin proof. Harborage or conditions conducive to attracting vermin to the premises and/or allowing vermin to exist.,Not Critical,11.0,A,2015-07-01,2018-11-12,Cycle Inspection / Re-inspection
41589545,ZANNY'S CAFE,MANHATTAN,975,COLUMBUS AVENUE,10025.0,2123166849,American,2017-06-19,Violations were cited in the following area(s).,09C,Food contact surface not properly maintained.,Not Critical,9.0,A,2017-06-19,2018-11-12,Cycle Inspection / Initial Inspection
41591881,WILLIAM BARNACLE,MANHATTAN,80,ST MARKS PLACE,10003.0,6462178815,American,2017-08-11,Violations were cited in the following area(s).,10F,"Non-food contact surface improperly constructed. Unacceptable material used. Non-food contact surface or equipment improperly maintained and/or not properly sealed, raised, spaced or movable to allow accessibility for cleaning on all sides, above and underneath the unit.",Not Critical,14.0,A,2017-01-06,2018-11-12,Cycle Inspection / Initial Inspection
41597250,OXBOW TAVERN,MANHATTAN,240,COLUMBUS AVENUE,10023.0,6464904075,American,2018-03-14,Violations were cited in the following area(s).,06C,"Food not protected from potential source of contamination during storage, preparation, transportation, display or service.",Critical,11.0,A,2018-03-14,2018-11-12,Cycle Inspection / Initial Inspection
41605054,TOMPKINS SQUARE BAGELS,MANHATTAN,165,AVENUE A,10009.0,6463516520,American,2016-04-15,Violations were cited in the following area(s).,06F,Wiping cloths soiled or not stored in sanitizing solution.,Critical,7.0,A,2016-04-15,2018-11-12,Cycle Inspection / Re-inspection
41610749,MUDSPOT,MANHATTAN,307,EAST    9 STREET,10003.0,2125298766,American,2017-05-22,Violations were cited in the following area(s).,09C,Food contact surface not properly maintained.,Not Critical,9.0,A,2017-05-22,2018-11-12,Cycle Inspection / Re-inspection
41636061,JACK'S WIFE FREDA,MANHATTAN,224,LAFAYETTE STREET,10012.0,2125108550,American,2017-04-05,Violations were cited in the following area(s).,02H,"Food not cooled by an approved method whereby the internal product temperature is reduced from 140Âº F to 70Âº F or less within 2 hours, and from 70Âº F to 41Âº F or less within 4 additional hours.",Critical,12.0,A,2016-02-23,2018-11-12,Cycle Inspection / Initial Inspection
41637468,BUDDHA BEER BAR,MANHATTAN,4476,BROADWAY,10040.0,6468612595,American,2016-06-07,Violations were cited in the following area(s).,04C,Food worker does not use proper utensil to eliminate bare hand contact with food that will not receive adequate additional heat treatment.,Critical,40.0,B,2015-09-12,2018-11-12,Cycle Inspection / Initial Inspection
41638655,"DUNKIN' DONUTS, BASKIN ROBBINS",MANHATTAN,4942,BROADWAY,10034.0,2125440453,American,2016-10-04,Violations were cited in the following area(s).,10F,"Non-food contact surface improperly constructed. Unacceptable material used. Non-food contact surface or equipment improperly maintained and/or not properly sealed, raised, spaced or movable to allow accessibility for cleaning on all sides, above and underneath the unit.",Not Critical,13.0,A,2016-10-04,2018-11-12,Cycle Inspection / Initial Inspection
41645645,THE BIG APPLE (RITZ CARLTON HOTEL EMPLOYEE CAFETERIA),MANHATTAN,50,CENTRAL PARK SOUTH,10019.0,2123089100,American,2017-08-10,Violations were cited in the following area(s).,04N,"Filth flies or food/refuse/sewage-associated (FRSA) flies present in facilitys food and/or non-food areas. Filth flies include house flies, little house flies, blow flies, bottle flies and flesh flies. Food/refuse/sewage-associated flies include fruit flies, drain flies and Phorid flies.",Critical,13.0,A,2017-08-10,2018-11-12,Cycle Inspection / Initial Inspection
41648023,TRAVEL TRADERS (MELITA PASTRIES),MANHATTAN,1535,BROADWAY,10036.0,2125891351,American,2015-06-30,Violations were cited in the following area(s).,02G,Cold food item held above 41Âº F (smoked fish and reduced oxygen packaged foods above 38 ÂºF) except during necessary preparation.,Critical,17.0,A,2016-01-08,2018-11-12,Cycle Inspection / Initial Inspection
41649356,"DUNKIN' DONUTS, HUDSON NEWS",MANHATTAN,2,PENNSYLVANIA PLAZA,10121.0,6469517284,American,2015-05-11,Violations were cited in the following area(s).,10F,"Non-food contact surface improperly constructed. Unacceptable material used. Non-food contact surface or equipment improperly maintained and/or not properly sealed, raised, spaced or movable to allow accessibility for cleaning on all sides, above and underneath the unit.",Not Critical,10.0,A,2015-05-11,2018-11-12,Cycle Inspection / Initial Inspection
41655590,GIGI CAFE,MANHATTAN,307,7 AVENUE,10001.0,2128078500,American,2018-01-02,Violations were cited in the following area(s).,10F,"Non-food contact surface improperly constructed. Unacceptable material used. Non-food contact surface or equipment improperly maintained and/or not properly sealed, raised, spaced or movable to allow accessibility for cleaning on all sides, above and underneath the unit.",Not Critical,11.0,A,2018-01-02,2018-11-12,Cycle Inspection / Initial Inspection
41660386,THE LATELY,MANHATTAN,357,W 16TH ST,10011.0,2122061096,American,2015-05-13,Violations were cited in the following area(s).,10A,"Toilet facility not maintained and provided with toilet paper, waste receptacle and self-closing door.",Not Critical,13.0,A,2015-05-13,2018-11-12,Cycle Inspection / Initial Inspection
41676090,HAMPTON INN EMPIRE STATE BUILDING,MANHATTAN,59,WEST   35 STREET,10001.0,2125643688,American,2016-04-01,Violations were cited in the following area(s).,10F,"Non-food contact surface improperly constructed. Unacceptable material used. Non-food contact surface or equipment improperly maintained and/or not properly sealed, raised, spaced or movable to allow accessibility for cleaning on all sides, above and underneath the unit.",Not Critical,2.0,A,2016-04-01,2018-11-12,Cycle Inspection / Initial Inspection
41677120,SHEARMAN & STERLING,MANHATTAN,599,LEXINGTON AVENUE,10022.0,2128484000,American,2017-08-07,Violations were cited in the following area(s).,02G,Cold food item held above 41Âº F (smoked fish and reduced oxygen packaged foods above 38 ÂºF) except during necessary preparation.,Critical,13.0,A,2017-08-07,2018-11-12,Cycle Inspection / Initial Inspection
41698000,KARAOKE DUET 48,MANHATTAN,304,EAST   48 STREET,10017.0,2127530030,American,2017-01-17,Violations were cited in the following area(s).,06D,"Food contact surface not properly washed, rinsed and sanitized after each use and following any activity when contamination may have occurred.",Critical,8.0,A,2017-01-17,2018-11-12,Cycle Inspection / Re-inspection
41699551,BETTER BEING,MANHATTAN,537,9 AVENUE,10018.0,2123531986,American,2015-03-09,Violations were cited in the following area(s).,04L,Evidence of mice or live mice present in facility's food and/or non-food areas.,Critical,18.0,A,2015-08-14,2018-11-12,Cycle Inspection / Initial Inspection
41700209,LATITUDE BAR & GRILL,MANHATTAN,783,8 AVENUE,10036.0,2122453034,American,2016-07-14,Violations were cited in the following area(s).,06D,"Food contact surface not properly washed, rinsed and sanitized after each use and following any activity when contamination may have occurred.",Critical,10.0,A,2016-07-14,2018-11-12,Cycle Inspection / Re-inspection
41701548,TWO-BITS RETRO ARCADE,MANHATTAN,153,ESSEX STREET,10002.0,2124778161,American,2017-04-25,Violations were cited in the following area(s).,10A,"Toilet facility not maintained and provided with toilet paper, waste receptacle and self-closing door.",Not Critical,9.0,A,2017-04-25,2018-11-12,Cycle Inspection / Initial Inspection
41703786,ESSEN,MANHATTAN,60,MADISON AVENUE,10010.0,2122136969,American,2017-03-10,Violations were cited in the following area(s).,02B,Hot food item not held at or above 140Âº F.,Critical,8.0,A,2017-03-10,2018-11-12,Cycle Inspection / Initial Inspection
41704804,APPLEBEE'S,MANHATTAN,509,EAST  117 STREET,10035.0,6468962700,American,2018-05-09,Violations were cited in the following area(s).,06E,"Sanitized equipment or utensil, including in-use food dispensing utensil, improperly used or stored.",Critical,8.0,A,2018-05-09,2018-11-12,Cycle Inspection / Initial Inspection
41705357,THE THIRD MAN,MANHATTAN,116,AVENUE C,10009.0,6465523692,American,2016-02-29,Violations were cited in the following area(s).,04A,Food Protection Certificate not held by supervisor of food operations.,Critical,12.0,A,2017-03-07,2018-11-12,Cycle Inspection / Initial Inspection
41709011,SOCIAL,MANHATTAN,795,8 AVENUE,10019.0,2124590643,American,2017-08-11,Violations were cited in the following area(s).,04H,"Raw, cooked or prepared food is adulterated, contaminated, cross-contaminated, or not discarded in accordance with HACCP plan.",Critical,31.0,A,2016-05-10,2018-11-12,Cycle Inspection / Initial Inspection
41716943,STAGE 48,MANHATTAN,605,WEST   48 STREET,10036.0,2129571800,American,2017-11-17,Violations were cited in the following area(s).,06D,"Food contact surface not properly washed, rinsed and sanitized after each use and following any activity when contamination may have occurred.",Critical,12.0,A,2017-11-17,2018-11-12,Cycle Inspection / Re-inspection
41721324,STARBUCKS,MANHATTAN,822,LEXINGTON AVENUE,10065.0,2125720984,American,2018-05-01,Violations were cited in the following area(s).,10F,"Non-food contact surface improperly constructed. Unacceptable material used. Non-food contact surface or equipment improperly maintained and/or not properly sealed, raised, spaced or movable to allow accessibility for cleaning on all sides, above and underneath the unit.",Not Critical,2.0,A,2018-05-01,2018-11-12,Cycle Inspection / Initial Inspection
50000153,THE BEST OF NEW YORK FOOD,MANHATTAN,150,WATER ST,10005.0,2129521890,American,2015-06-10,Violations were cited in the following area(s).,02G,Cold food item held above 41Âº F (smoked fish and reduced oxygen packaged foods above 38 ÂºF) except during necessary preparation.,Critical,12.0,A,2015-06-10,2018-11-12,Cycle Inspection / Re-inspection
50000501,THE STOREHOUSE,MANHATTAN,69,WEST 23 STREET,10010.0,2122438898,American,2016-09-01,Violations were cited in the following area(s).,10F,"Non-food contact surface improperly constructed. Unacceptable material used. Non-food contact surface or equipment improperly maintained and/or not properly sealed, raised, spaced or movable to allow accessibility for cleaning on all sides, above and underneath the unit.",Not Critical,31.0,A,2017-05-05,2018-11-12,Cycle Inspection / Initial Inspection
50000551,WOLFNIGHTS,MANHATTAN,99,RIVINGTON ST,10002.0,6466698070,American,2018-10-03,Violations were cited in the following area(s).,02G,Cold food item held above 41Âº F (smoked fish and reduced oxygen packaged foods above 38 ÂºF) except during necessary preparation.,Critical,20.0,B,2018-10-03,2018-11-12,Cycle Inspection / Re-inspection
50000726,BILL'S BAR AND BURGER DOWNTOWN,MANHATTAN,85,WEST STREET,10006.0,2128943800,American,2017-11-13,Violations were cited in the following area(s).,10F,"Non-food contact surface improperly constructed. Unacceptable material used. Non-food contact surface or equipment improperly maintained and/or not properly sealed, raised, spaced or movable to allow accessibility for cleaning on all sides, above and underneath the unit.",Not Critical,3.0,A,2017-11-13,2018-11-12,Cycle Inspection / Initial Inspection
50001102,FASSST CAFE (SECOND STAGE THEATRE),MANHATTAN,305,WEST 43 STREET,10036.0,2127878302,American,2016-05-03,Violations were cited in the following area(s).,10F,"Non-food contact surface improperly constructed. Unacceptable material used. Non-food contact surface or equipment improperly maintained and/or not properly sealed, raised, spaced or movable to allow accessibility for cleaning on all sides, above and underneath the unit.",Not Critical,2.0,A,2016-05-03,2018-11-12,Cycle Inspection / Initial Inspection
50001348,Nomura cafeteria( 25 th floor),MANHATTAN,309,W 49 ST,10019.0,2124368092,American,2015-12-02,Violations were cited in the following area(s).,10B,Plumbing not properly installed or maintained; anti-siphonage or backflow prevention device not provided where required; equipment or floor not properly drained; sewage disposal system in disrepair or not functioning properly.,Not Critical,12.0,A,2015-12-02,2018-11-12,Cycle Inspection / Initial Inspection
50001350,NOMURA CAFE (5TH FL NOMURA CAFE),MANHATTAN,309,WEST 49TH STREET,10019.0,2124368092,American,2015-12-02,Violations were cited in the following area(s).,02G,Cold food item held above 41Âº F (smoked fish and reduced oxygen packaged foods above 38 ÂºF) except during necessary preparation.,Critical,10.0,A,2015-12-02,2018-11-12,Cycle Inspection / Initial Inspection
50001451,BUBBY'S HIGHLINE,MANHATTAN,71,GANSEVOORT ST,10014.0,2122066200,American,2018-01-08,Violations were cited in the following area(s).,08A,Facility not vermin proof. Harborage or conditions conducive to attracting vermin to the premises and/or allowing vermin to exist.,Not Critical,9.0,A,2018-01-08,2018-11-12,Cycle Inspection / Initial Inspection
50001468,BLUE RIBBON FRIED CHICKEN,MANHATTAN,28,east 1 street,10003.0,2122280404,American,2016-10-27,Violations were cited in the following area(s).,02G,Cold food item held above 41Âº F (smoked fish and reduced oxygen packaged foods above 38 ÂºF) except during necessary preparation.,Critical,7.0,A,2016-10-27,2018-11-12,Cycle Inspection / Initial Inspection
50001805,FISHTAG,MANHATTAN,222,WEST 79 STREET,10024.0,2123627470,American,2016-01-21,Violations were cited in the following area(s).,08A,Facility not vermin proof. Harborage or conditions conducive to attracting vermin to the premises and/or allowing vermin to exist.,Not Critical,12.0,A,2016-01-21,2018-11-12,Cycle Inspection / Initial Inspection
50001914,ATLAS SOCIAL CLUB,MANHATTAN,753,9TH AVENUE,10019.0,2122628527,American,2018-04-03,Violations were cited in the following area(s).,06D,"Food contact surface not properly washed, rinsed and sanitized after each use and following any activity when contamination may have occurred.",Critical,13.0,A,2018-04-03,2018-11-12,Cycle Inspection / Initial Inspection
50002019,HOME SWEET HARLEM,MANHATTAN,1528,AMSTERDAM AVENUE,10031.0,2129269616,American,2015-11-04,Violations were cited in the following area(s).,08A,Facility not vermin proof. Harborage or conditions conducive to attracting vermin to the premises and/or allowing vermin to exist.,Not Critical,12.0,A,2015-11-04,2018-11-12,Cycle Inspection / Initial Inspection
50002065,VACCA GRILL & LOUNGE,MANHATTAN,420,WEST 203RD ST,10034.0,2125440070,American,2016-02-06,Violations were cited in the following area(s).,04A,Food Protection Certificate not held by supervisor of food operations.,Critical,10.0,A,2016-06-04,2018-11-12,Inter-Agency Task Force / Initial Inspection
50002767,THE SKYLARK,MANHATTAN,530,FASHION AVE,10018.0,2122574577,American,2017-02-15,Violations were cited in the following area(s).,04N,"Filth flies or food/refuse/sewage-associated (FRSA) flies present in facilitys food and/or non-food areas. Filth flies include house flies, little house flies, blow flies, bottle flies and flesh flies. Food/refuse/sewage-associated flies include fruit flies, drain flies and Phorid flies.",Critical,12.0,A,2017-02-15,2018-11-12,Cycle Inspection / Initial Inspection
50003504,ROTISSERIE GEORGETTE,MANHATTAN,14,E 60TH ST,10022.0,2123908060,American,2018-01-26,Violations were cited in the following area(s).,04H,"Raw, cooked or prepared food is adulterated, contaminated, cross-contaminated, or not discarded in accordance with HACCP plan.",Critical,12.0,A,2018-01-26,2018-11-12,Cycle Inspection / Re-inspection
50003978,BONNIE VEE,MANHATTAN,17,STANTON ST,10002.0,9176393352,American,2015-02-12,Violations were cited in the following area(s).,06D,"Food contact surface not properly washed, rinsed and sanitized after each use and following any activity when contamination may have occurred.",Critical,5.0,A,2015-02-12,2018-11-12,Cycle Inspection / Initial Inspection
50004299,EMMETTS,MANHATTAN,50,MACDOUGAL ST,10012.0,9176393571,American,2018-11-07,Violations were cited in the following area(s).,10F,"Non-food contact surface improperly constructed. Unacceptable material used. Non-food contact surface or equipment improperly maintained and/or not properly sealed, raised, spaced or movable to allow accessibility for cleaning on all sides, above and underneath the unit.",Not Critical,39.0,A,2017-01-23,2018-11-12,Cycle Inspection / Initial Inspection
50004809,BAR BACON,MANHATTAN,836,9TH AVE,10019.0,6463620622,American,2018-10-31,Violations were cited in the following area(s).,10H,Proper sanitization not provided for utensil ware washing operation.,Not Critical,22.0,B,2017-06-28,2018-11-12,Cycle Inspection / Initial Inspection
50006240,DAVID BURKE KITCHEN,MANHATTAN,27,GRAND ST,10013.0,2122019119,American,2018-06-06,Violations were cited in the following area(s).,10B,Plumbing not properly installed or maintained; anti-siphonage or backflow prevention device not provided where required; equipment or floor not properly drained; sewage disposal system in disrepair or not functioning properly.,Not Critical,18.0,A,2018-07-06,2018-11-12,Cycle Inspection / Initial Inspection
50011590,UPLAND,MANHATTAN,345,PARK AVE S,10010.0,2126861006,American,2017-07-11,Violations were cited in the following area(s).,02B,Hot food item not held at or above 140Âº F.,Critical,7.0,A,2017-07-11,2018-11-12,Cycle Inspection / Initial Inspection
50011891,TWO HANDS,MANHATTAN,164,MOTT ST,10013.0,9174751815,American,2018-08-03,Violations were cited in the following area(s).,04L,Evidence of mice or live mice present in facility's food and/or non-food areas.,Critical,11.0,A,2018-08-03,2018-11-12,Cycle Inspection / Re-inspection
50012993,BANK OF NOVA SCOTIA CAFE,MANHATTAN,250,VESEY ST,10281.0,2122255223,American,2016-10-12,Violations were cited in the following area(s).,06D,"Food contact surface not properly washed, rinsed and sanitized after each use and following any activity when contamination may have occurred.",Critical,5.0,A,2016-10-12,2018-11-12,Cycle Inspection / Initial Inspection
50013048,THE HAROLD,MANHATTAN,1271,BROADWAY,10001.0,2126861888,American,2015-09-18,Violations were cited in the following area(s).,06D,"Food contact surface not properly washed, rinsed and sanitized after each use and following any activity when contamination may have occurred.",Critical,16.0,A,2016-03-25,2018-11-12,Cycle Inspection / Initial Inspection
50013879,K RICO,MANHATTAN,772,9TH AVE,10019.0,2127579393,American,2017-02-15,Violations were cited in the following area(s).,10H,Proper sanitization not provided for utensil ware washing operation.,Not Critical,14.0,A,2018-09-26,2018-11-12,Cycle Inspection / Initial Inspection
50015061,SPACE IBIZA NY,MANHATTAN,637,W 50TH ST,10019.0,2122472447,American,2018-06-08,Violations were cited in the following area(s).,10H,Proper sanitization not provided for utensil ware washing operation.,Not Critical,13.0,B,2015-12-19,2018-11-12,Cycle Inspection / Initial Inspection
50015171,NEW AMSTERDAM THEATER,MANHATTAN,214,W 42ND ST,10036.0,2125825472,American,2015-11-20,Violations were cited in the following area(s).,10F,"Non-food contact surface improperly constructed. Unacceptable material used. Non-food contact surface or equipment improperly maintained and/or not properly sealed, raised, spaced or movable to allow accessibility for cleaning on all sides, above and underneath the unit.",Not Critical,10.0,A,2015-11-20,2018-11-12,Cycle Inspection / Initial Inspection
50015538,AMERICAN AIRLINES THEATER,MANHATTAN,227,W 42ND ST,10036.0,2125825472,American,2017-08-09,Violations were cited in the following area(s).,10B,Plumbing not properly installed or maintained; anti-siphonage or backflow prevention device not provided where required; equipment or floor not properly drained; sewage disposal system in disrepair or not functioning properly.,Not Critical,12.0,A,2017-08-09,2018-11-12,Cycle Inspection / Initial Inspection
50015767,THE POLO BAR,MANHATTAN,1,E 55TH ST,10022.0,2122078562,American,2014-10-31,Violations were cited in the following area(s).,10A,"Toilet facility not maintained and provided with toilet paper, waste receptacle and self-closing door.",Not Critical,17.0,A,2016-04-13,2018-11-12,Pre-permit (Non-operational) / Initial Inspection
50016081,AUGUST,MANHATTAN,791,LEXINGTON AVE,10065.0,2129351433,American,2016-05-16,Violations were cited in the following area(s).,02B,Hot food item not held at or above 140Âº F.,Critical,14.0,A,2015-04-29,2018-11-12,Cycle Inspection / Initial Inspection
50016238,THIS  PIE IS NUTS,MANHATTAN,9,HENSHAW ST,10034.0,6462611764,American,2016-05-10,Violations were cited in the following area(s).,10F,"Non-food contact surface improperly constructed. Unacceptable material used. Non-food contact surface or equipment improperly maintained and/or not properly sealed, raised, spaced or movable to allow accessibility for cleaning on all sides, above and underneath the unit.",Not Critical,2.0,A,2016-05-10,2018-11-12,Cycle Inspection / Initial Inspection
50016346,SHAKE SHACK,MANHATTAN,600,3RD AVE,10016.0,6466684881,American,2015-12-28,Violations were cited in the following area(s).,08A,Facility not vermin proof. Harborage or conditions conducive to attracting vermin to the premises and/or allowing vermin to exist.,Not Critical,17.0,A,2016-08-16,2018-11-12,Cycle Inspection / Initial Inspection
50016740,JIMBO'S HAMBURGERS,MANHATTAN,703,LENOX AVE,10039.0,2122835050,American,2015-08-21,Violations were cited in the following area(s).,04N,"Filth flies or food/refuse/sewage-associated (FRSA) flies present in facilitys food and/or non-food areas. Filth flies include house flies, little house flies, blow flies, bottle flies and flesh flies. Food/refuse/sewage-associated flies include fruit flies, drain flies and Phorid flies.",Critical,11.0,A,2016-03-11,2018-11-12,Cycle Inspection / Initial Inspection
50016854,BOCCA BLISS,MANHATTAN,725,3RD AVE,10017.0,2128671881,American,2018-03-13,Establishment Closed by DOHMH.  Violations were cited in the following area(s) and those requiring immediate action were addressed.,06C,"Food not protected from potential source of contamination during storage, preparation, transportation, display or service.",Critical,57.0,P,2018-06-25,2018-11-12,Cycle Inspection / Re-inspection
50017810,T.G.I. FRIDAY'S,MANHATTAN,211,W 34TH ST,10001.0,2125640539,American,2017-02-13,Violations were cited in the following area(s).,06D,"Food contact surface not properly washed, rinsed and sanitized after each use and following any activity when contamination may have occurred.",Critical,12.0,A,2017-02-13,2018-11-12,Cycle Inspection / Initial Inspection
50017978,HOLIDAY COCKTAIL LOUNGE,MANHATTAN,75,SAINT MARKS PL,10003.0,2127779637,American,2018-03-13,Violations were cited in the following area(s).,05D,Hand washing facility not provided in or near food preparation area and toilet room. Hot and cold running water at adequate pressure to enable cleanliness of employees not provided at facility. Soap and an acceptable hand-drying device not provided.,Critical,17.0,A,2016-05-31,2018-11-12,Cycle Inspection / Initial Inspection
50018300,CAFE R,MANHATTAN,116,W 32ND ST,10001.0,2126959550,American,2018-03-30,Violations were cited in the following area(s).,04N,"Filth flies or food/refuse/sewage-associated (FRSA) flies present in facilitys food and/or non-food areas. Filth flies include house flies, little house flies, blow flies, bottle flies and flesh flies. Food/refuse/sewage-associated flies include fruit flies, drain flies and Phorid flies.",Critical,30.0,C,2017-10-17,2018-11-12,Cycle Inspection / Initial Inspection
50018385,THE UP & UP,MANHATTAN,116,MACDOUGAL ST,10012.0,9177106040,American,2018-05-09,Violations were cited in the following area(s).,08A,Facility not vermin proof. Harborage or conditions conducive to attracting vermin to the premises and/or allowing vermin to exist.,Not Critical,21.0,A,2016-12-14,2018-11-12,Cycle Inspection / Initial Inspection
50018800,FRIEDMAN'S,MANHATTAN,450,10TH AVE,10018.0,2122681100,American,2018-05-30,Violations were cited in the following area(s).,08A,Facility not vermin proof. Harborage or conditions conducive to attracting vermin to the premises and/or allowing vermin to exist.,Not Critical,25.0,A,2018-08-09,2018-11-12,Cycle Inspection / Initial Inspection
50018858,NOREETUH,MANHATTAN,128,1ST AVE,10009.0,6468923050,American,2016-05-19,Violations were cited in the following area(s).,02G,Cold food item held above 41Âº F (smoked fish and reduced oxygen packaged foods above 38 ÂºF) except during necessary preparation.,Critical,17.0,A,2018-04-03,2018-11-12,Cycle Inspection / Initial Inspection
50018989,FAIRFIELD INN & SUITES PENN STATION,MANHATTAN,325,W 33RD ST,10001.0,2125630900,American,2015-03-16,Violations were cited in the following area(s).,02G,Cold food item held above 41Âº F (smoked fish and reduced oxygen packaged foods above 38 ÂºF) except during necessary preparation.,Critical,10.0,A,2015-03-16,2018-11-12,Pre-permit (Operational) / Initial Inspection
50032771,WEST SIDE CAFE AND PIZZA,MANHATTAN,218,W 72ND ST,10023.0,2127699939,American,2016-12-05,Violations were cited in the following area(s).,06B,"Tobacco use, eating, or drinking from open container in food preparation, food storage or dishwashing area observed.",Critical,34.0,A,2018-07-09,2018-11-12,Cycle Inspection / Initial Inspection
50032876,TANNER SMITH'S,MANHATTAN,204,W 55TH ST,10019.0,9175172283,American,2016-04-19,Violations were cited in the following area(s).,06D,"Food contact surface not properly washed, rinsed and sanitized after each use and following any activity when contamination may have occurred.",Critical,13.0,A,2016-04-19,2018-11-12,Cycle Inspection / Initial Inspection
50032938,JOHN DOE BAR & KITCHEN,MANHATTAN,253,5TH AVE,10016.0,6468824007,American,2017-11-13,Violations were cited in the following area(s).,10H,Proper sanitization not provided for utensil ware washing operation.,Not Critical,12.0,A,2017-11-13,2018-11-12,Cycle Inspection / Initial Inspection
50033365,NEW LEAF,MANHATTAN,1,MARGARET CORBIN DR,10040.0,2125685323,American,2018-06-12,Violations were cited in the following area(s).,10F,"Non-food contact surface improperly constructed. Unacceptable material used. Non-food contact surface or equipment improperly maintained and/or not properly sealed, raised, spaced or movable to allow accessibility for cleaning on all sides, above and underneath the unit.",Not Critical,2.0,A,2017-01-19,2018-11-12,Cycle Inspection / Initial Inspection
50034366,CARLETON LOUNGE,MANHATTAN,500,W 120TH ST,10027.0,2128548324,American,2016-10-24,Violations were cited in the following area(s).,06D,"Food contact surface not properly washed, rinsed and sanitized after each use and following any activity when contamination may have occurred.",Critical,9.0,A,2016-10-24,2018-11-12,Cycle Inspection / Initial Inspection
50034567,THE DRAFT HOUSE,MANHATTAN,3473,BROADWAY,10031.0,6465900554,American,2018-08-02,Violations were cited in the following area(s).,02G,Cold food item held above 41Âº F (smoked fish and reduced oxygen packaged foods above 38 ÂºF) except during necessary preparation.,Critical,13.0,A,2018-08-02,2018-11-12,Cycle Inspection / Re-inspection
50036413,GRAYSON,MANHATTAN,16,1ST AVE,10009.0,2125108726,American,2017-11-14,Violations were cited in the following area(s).,06D,"Food contact surface not properly washed, rinsed and sanitized after each use and following any activity when contamination may have occurred.",Critical,12.0,A,2017-11-14,2018-11-12,Cycle Inspection / Initial Inspection
50037614,THE DAISY,MANHATTAN,1641,2ND AVE,10028.0,6469645756,American,2016-01-16,Violations were cited in the following area(s).,10J,''''Wash hands sign not posted at hand wash facility.,Not Critical,11.0,A,2016-01-16,2018-11-12,Cycle Inspection / Initial Inspection
50038460,CLINTON HALL,MANHATTAN,90,WASHINGTON ST,10006.0,2123636000,American,2015-10-26,Violations were cited in the following area(s).,10H,Proper sanitization not provided for utensil ware washing operation.,Not Critical,7.0,A,2015-10-26,2018-11-12,Pre-permit (Operational) / Initial Inspection
50038846,LOL STAND UP COMEDY,MANHATTAN,711,7TH AVE,10036.0,2126436557,American,2016-09-29,Violations were cited in the following area(s).,04N,"Filth flies or food/refuse/sewage-associated (FRSA) flies present in facilitys food and/or non-food areas. Filth flies include house flies, little house flies, blow flies, bottle flies and flesh flies. Food/refuse/sewage-associated flies include fruit flies, drain flies and Phorid flies.",Critical,13.0,A,2016-09-29,2018-11-12,Pre-permit (Operational) / Re-inspection
50039131,PRET A MANGER,MANHATTAN,787,SEVENTH AVE,10019.0,2122622328,American,2017-04-11,Violations were cited in the following area(s).,09C,Food contact surface not properly maintained.,Not Critical,10.0,A,2017-04-11,2018-11-12,Cycle Inspection / Initial Inspection
50039436,PIG N WHISTLE,MANHATTAN,144,W 46TH ST,10036.0,9176393864,American,2016-09-01,Violations were cited in the following area(s).,10F,"Non-food contact surface improperly constructed. Unacceptable material used. Non-food contact surface or equipment improperly maintained and/or not properly sealed, raised, spaced or movable to allow accessibility for cleaning on all sides, above and underneath the unit.",Not Critical,9.0,A,2016-09-01,2018-11-12,Cycle Inspection / Re-inspection
50040257,TILL & SPROCKET,MANHATTAN,140,W 30TH ST,10001.0,__________,American,2016-11-09,Violations were cited in the following area(s).,04L,Evidence of mice or live mice present in facility's food and/or non-food areas.,Critical,23.0,B,2018-06-29,2018-11-12,Cycle Inspection / Initial Inspection
50040806,EFFY'S KITCHEN,MANHATTAN,1567,LEXINGTON AVE,10029.0,3478638356,American,2017-09-13,Violations were cited in the following area(s).,10F,"Non-food contact surface improperly constructed. Unacceptable material used. Non-food contact surface or equipment improperly maintained and/or not properly sealed, raised, spaced or movable to allow accessibility for cleaning on all sides, above and underneath the unit.",Not Critical,9.0,A,2017-09-13,2018-11-12,Cycle Inspection / Initial Inspection
50042394,PHD TERRACE,MANHATTAN,210,W 55TH ST,10019.0,6467562044,American,2018-05-08,Violations were cited in the following area(s).,10J,''''Wash hands sign not posted at hand wash facility.,Not Critical,7.0,A,2018-05-08,2018-11-12,Cycle Inspection / Initial Inspection
50042397,DAN AND JOHNS WINGS,MANHATTAN,135,1ST AVE,10003.0,2128589935,American,2017-04-08,Violations were cited in the following area(s).,10F,"Non-food contact surface improperly constructed. Unacceptable material used. Non-food contact surface or equipment improperly maintained and/or not properly sealed, raised, spaced or movable to allow accessibility for cleaning on all sides, above and underneath the unit.",Not Critical,7.0,A,2017-04-08,2018-11-12,Cycle Inspection / Initial Inspection
50043252,DISTRICT SOCIAL,MANHATTAN,252,W 37TH ST,10018.0,2129949599,American,2017-10-04,Violations were cited in the following area(s).,08A,Facility not vermin proof. Harborage or conditions conducive to attracting vermin to the premises and/or allowing vermin to exist.,Not Critical,12.0,A,2017-10-04,2018-11-12,Cycle Inspection / Initial Inspection
50044475,THEATER (FLY),MANHATTAN,4,PENN PLZ,10121.0,2124656273,American,2018-06-07,Violations were cited in the following area(s).,10B,Plumbing not properly installed or maintained; anti-siphonage or backflow prevention device not provided where required; equipment or floor not properly drained; sewage disposal system in disrepair or not functioning properly.,Not Critical,2.0,A,2018-06-07,2018-11-12,Cycle Inspection / Initial Inspection
50044480,BEER SHOP,MANHATTAN,422,AMSTERDAM AVE,10024.0,2123622337,American,2016-02-16,Violations were cited in the following area(s).,10F,"Non-food contact surface improperly constructed. Unacceptable material used. Non-food contact surface or equipment improperly maintained and/or not properly sealed, raised, spaced or movable to allow accessibility for cleaning on all sides, above and underneath the unit.",Not Critical,11.0,A,2016-02-16,2018-11-12,Pre-permit (Operational) / Initial Inspection
50044588,GARDEN MARKET,MANHATTAN,4,PENN PLZ,10121.0,2124656302,American,2018-05-29,Violations were cited in the following area(s).,06D,"Food contact surface not properly washed, rinsed and sanitized after each use and following any activity when contamination may have occurred.",Critical,5.0,A,2018-05-29,2018-11-12,Cycle Inspection / Initial Inspection
50044589,BAR AT THE GARDEN,MANHATTAN,4,PENN PLZ,10121.0,2124656273,American,2017-03-16,Violations were cited in the following area(s).,06D,"Food contact surface not properly washed, rinsed and sanitized after each use and following any activity when contamination may have occurred.",Critical,5.0,A,2017-03-16,2018-11-12,Cycle Inspection / Initial Inspection
50044616,CHICKEN & FRIES,MANHATTAN,4,PENN PLZ,10121.0,2124656307,American,2018-05-29,Violations were cited in the following area(s).,10F,"Non-food contact surface improperly constructed. Unacceptable material used. Non-food contact surface or equipment improperly maintained and/or not properly sealed, raised, spaced or movable to allow accessibility for cleaning on all sides, above and underneath the unit.",Not Critical,4.0,A,2018-05-29,2018-11-12,Cycle Inspection / Initial Inspection
50044617,CARNEGIE DELI CATESSEN,MANHATTAN,4,PENN PLZ,10121.0,2124656310,American,2016-03-24,Violations were cited in the following area(s).,10F,"Non-food contact surface improperly constructed. Unacceptable material used. Non-food contact surface or equipment improperly maintained and/or not properly sealed, raised, spaced or movable to allow accessibility for cleaning on all sides, above and underneath the unit.",Not Critical,2.0,A,2016-03-24,2018-11-12,Pre-permit (Operational) / Initial Inspection
50044945,YURA'S BLUE PLATE,MANHATTAN,2248,1ST AVE,10029.0,8036061075,American,2017-05-24,Violations were cited in the following area(s).,10F,"Non-food contact surface improperly constructed. Unacceptable material used. Non-food contact surface or equipment improperly maintained and/or not properly sealed, raised, spaced or movable to allow accessibility for cleaning on all sides, above and underneath the unit.",Not Critical,21.0,C,2018-04-10,2018-11-12,Cycle Inspection / Initial Inspection
50045177,ANNIE MOORES PUB & RESTAURANT,MANHATTAN,22,E 41ST ST,10017.0,2129867826,American,2016-03-23,Violations were cited in the following area(s).,10F,"Non-food contact surface improperly constructed. Unacceptable material used. Non-food contact surface or equipment improperly maintained and/or not properly sealed, raised, spaced or movable to allow accessibility for cleaning on all sides, above and underneath the unit.",Not Critical,9.0,A,2016-03-23,2018-11-12,Pre-permit (Operational) / Initial Inspection
50045493,GRAND TIER RESTAURANT @ METROPOLITAN OPERA,MANHATTAN,000,LINCOLN CENTER PLAZA,10023.0,2127993401,American,2016-05-24,Violations were cited in the following area(s).,15L,"Smoke free workplace smoking policy inadequate, not posted, not provided to employees.",Not Critical,13.0,A,2017-02-01,2018-11-12,Smoke-Free Air Act / Initial Inspection
50046086,THE PIERPONT LEADERSHIP CENTER,MANHATTAN,383,MADISON AVE,10179.0,2122722152,American,2018-08-02,Violations were cited in the following area(s).,10F,"Non-food contact surface improperly constructed. Unacceptable material used. Non-food contact surface or equipment improperly maintained and/or not properly sealed, raised, spaced or movable to allow accessibility for cleaning on all sides, above and underneath the unit.",Not Critical,2.0,A,2018-08-02,2018-11-12,Cycle Inspection / Initial Inspection
50046087,REVLON BAR - BELMONT ROOM @ METROPOLITAN OPERA,MANHATTAN,NKA,LINCOLN CENTER PLAZA,10023.0,2127993400,American,2017-02-01,Violations were cited in the following area(s).,09C,Food contact surface not properly maintained.,Not Critical,2.0,A,2017-02-01,2018-11-12,Pre-permit (Operational) / Re-inspection
50046624,BLOOMBERG CAFE,MANHATTAN,120,PARK AVE,10017.0,2126173917,American,2018-02-12,Violations were cited in the following area(s).,06C,"Food not protected from potential source of contamination during storage, preparation, transportation, display or service.",Critical,8.0,A,2018-02-12,2018-11-12,Cycle Inspection / Initial Inspection
50047560,THE HUB,MANHATTAN,2,PENN PLZ,10121.0,2126315688,American,2016-07-25,Violations were cited in the following area(s).,06D,"Food contact surface not properly washed, rinsed and sanitized after each use and following any activity when contamination may have occurred.",Critical,13.0,A,2016-07-25,2018-11-12,Pre-permit (Operational) / Initial Inspection
50047583,Thread Lobby Bar,MANHATTAN,218,W 35TH ST,10001.0,6468502850,American,2017-07-18,Violations were cited in the following area(s).,06D,"Food contact surface not properly washed, rinsed and sanitized after each use and following any activity when contamination may have occurred.",Critical,5.0,A,2017-07-18,2018-11-12,Cycle Inspection / Initial Inspection
50047724,THE BLOND/THE LIBRARY,MANHATTAN,138,LAFAYETTE ST,10013.0,2126341211,American,2016-10-07,Violations were cited in the following area(s).,10E,Accurate thermometer not provided in refrigerated or hot holding equipment.,Not Critical,12.0,A,2016-10-07,2018-11-12,Pre-permit (Operational) / Initial Inspection
50049009,COACH,MANHATTAN,10,HUDSON YARDS,10001.0,2129467800,American,2018-01-26,Violations were cited in the following area(s).,09C,Food contact surface not properly maintained.,Not Critical,7.0,A,2018-01-26,2018-11-12,Cycle Inspection / Re-inspection
50051486,STATE GRILL AND BAR,MANHATTAN,350,5TH AVE,10118.0,2122169693,American,2016-09-29,Violations were cited in the following area(s).,10F,"Non-food contact surface improperly constructed. Unacceptable material used. Non-food contact surface or equipment improperly maintained and/or not properly sealed, raised, spaced or movable to allow accessibility for cleaning on all sides, above and underneath the unit.",Not Critical,8.0,A,2016-09-29,2018-11-12,Pre-permit (Operational) / Initial Inspection
50052875,SCHNIPPERS,MANHATTAN,120,CHURCH ST,10007.0,2127321700,American,2016-09-27,Violations were cited in the following area(s).,06C,"Food not protected from potential source of contamination during storage, preparation, transportation, display or service.",Critical,12.0,A,2016-09-27,2018-11-12,Pre-permit (Operational) / Initial Inspection
50053268,RUBIN MUSEUM-GABRIEL VEGA,MANHATTAN,150,W 17TH ST,10011.0,2126205000,American,2016-10-12,Violations were cited in the following area(s).,10F,"Non-food contact surface improperly constructed. Unacceptable material used. Non-food contact surface or equipment improperly maintained and/or not properly sealed, raised, spaced or movable to allow accessibility for cleaning on all sides, above and underneath the unit.",Not Critical,2.0,A,2016-10-12,2018-11-12,Pre-permit (Operational) / Initial Inspection
50054234,HOMEWOOD SUITES BY HILTON NEW YORK MIDTOWN MANHATTAN TIMES SQUARE,MANHATTAN,312,W 37TH ST,10018.0,6467878831,American,2017-01-13,Violations were cited in the following area(s).,05C,Food contact surface improperly constructed or located. Unacceptable material used.,Critical,52.0,A,2018-10-18,2018-11-12,Pre-permit (Operational) / Initial Inspection
50055248,BELLE,MANHATTAN,2363,A C POWELL BLVD,10030.0,5856872821,American,2018-05-24,Violations were cited in the following area(s).,06B,"Tobacco use, eating, or drinking from open container in food preparation, food storage or dishwashing area observed.",Critical,9.0,A,2018-05-24,2018-11-12,Cycle Inspection / Initial Inspection
50055419,KIRKLAND & ELLIS CONFERENCE ROOMS,MANHATTAN,601,LEXINGTON AVE,10022.0,6462941527,American,2018-03-13,Violations were cited in the following area(s).,02B,Hot food item not held at or above 140Âº F.,Critical,12.0,A,2018-03-13,2018-11-12,Cycle Inspection / Initial Inspection
50055640,ZEF CAFE,MANHATTAN,70-74,BOWERY,10013.0,2129414754,American,2016-12-23,Violations were cited in the following area(s).,10F,"Non-food contact surface improperly constructed. Unacceptable material used. Non-food contact surface or equipment improperly maintained and/or not properly sealed, raised, spaced or movable to allow accessibility for cleaning on all sides, above and underneath the unit.",Not Critical,7.0,A,2016-12-23,2018-11-12,Pre-permit (Operational) / Re-inspection
50056649,FIELDS GOOD CHICKEN,MANHATTAN,148,MADISON AVE,10016.0,2126750462,American,2018-03-28,Violations were cited in the following area(s).,06C,"Food not protected from potential source of contamination during storage, preparation, transportation, display or service.",Critical,12.0,A,2018-03-28,2018-11-12,Cycle Inspection / Initial Inspection
50056653,MUSCLE MAKER GRILL,MANHATTAN,70,7TH AVE,10011.0,2128071000,American,2016-12-06,Violations were cited in the following area(s).,10B,Plumbing not properly installed or maintained; anti-siphonage or backflow prevention device not provided where required; equipment or floor not properly drained; sewage disposal system in disrepair or not functioning properly.,Not Critical,15.0,A,2018-07-02,2018-11-12,Pre-permit (Operational) / Initial Inspection
50056916,SHORTY'S,MANHATTAN,66,MADISON AVE,10016.0,2127253900,American,2016-12-22,Violations were cited in the following area(s).,10F,"Non-food contact surface improperly constructed. Unacceptable material used. Non-food contact surface or equipment improperly maintained and/or not properly sealed, raised, spaced or movable to allow accessibility for cleaning on all sides, above and underneath the unit.",Not Critical,10.0,A,2016-12-22,2018-11-12,Pre-permit (Operational) / Initial Inspection
50056930,TUBBY HOOK TAVERN,MANHATTAN,4946,BROADWAY,10034.0,2125797071,American,2017-12-21,Violations were cited in the following area(s).,10F,"Non-food contact surface improperly constructed. Unacceptable material used. Non-food contact surface or equipment improperly maintained and/or not properly sealed, raised, spaced or movable to allow accessibility for cleaning on all sides, above and underneath the unit.",Not Critical,13.0,A,2017-12-21,2018-11-12,Cycle Inspection / Initial Inspection
50057093,WESTVILLE WALL STREET,MANHATTAN,110,WALL ST,10005.0,6463428885,American,2017-05-23,Violations were cited in the following area(s).,02G,Cold food item held above 41Âº F (smoked fish and reduced oxygen packaged foods above 38 ÂºF) except during necessary preparation.,Critical,12.0,A,2017-05-23,2018-11-12,Pre-permit (Operational) / Initial Inspection
50058045,POST,MANHATTAN,42,AVENUE B,10009.0,6465410922,American,2018-02-16,Violations were cited in the following area(s).,02G,Cold food item held above 41Âº F (smoked fish and reduced oxygen packaged foods above 38 ÂºF) except during necessary preparation.,Critical,9.0,A,2018-02-16,2018-11-12,Cycle Inspection / Initial Inspection
50059371,MOTEL MORRIS,MANHATTAN,132,7TH AVE,10011.0,5164579749,American,2018-03-23,Violations were cited in the following area(s).,10F,"Non-food contact surface improperly constructed. Unacceptable material used. Non-food contact surface or equipment improperly maintained and/or not properly sealed, raised, spaced or movable to allow accessibility for cleaning on all sides, above and underneath the unit.",Not Critical,9.0,A,2018-03-23,2018-11-12,Pre-permit (Operational) / Initial Inspection
50059510,PARS NEW YORK,MANHATTAN,249,W 26TH ST,10001.0,5169933165,American,2018-10-25,Violations were cited in the following area(s).,22A,"Nuisance created or allowed to exist. Facility not free from unsafe, hazardous, offensive or annoying conditions.",Not Critical,59.0,C,2017-04-07,2018-11-12,Administrative Miscellaneous / Initial Inspection
50059916,CHUMLEY'S,MANHATTAN,86,BEDFORD ST,10014.0,2126752081,American,2018-03-20,Violations were cited in the following area(s).,10B,Plumbing not properly installed or maintained; anti-siphonage or backflow prevention device not provided where required; equipment or floor not properly drained; sewage disposal system in disrepair or not functioning properly.,Not Critical,31.0,A,2018-11-01,2018-11-12,Pre-permit (Operational) / Initial Inspection
50060381,LATIN SOCIAL COCINA-BAR,MANHATTAN,75,MAIDEN LN,10038.0,6464100080,American,2017-12-06,Violations were cited in the following area(s).,02B,Hot food item not held at or above 140Âº F.,Critical,29.0,A,2018-08-20,2018-11-12,Cycle Inspection / Initial Inspection
50061031,WHITE & CASE COFFEE BAR & PANTRY,MANHATTAN,1221,AVENUE OF THE AMERICAS,10036.0,6468852175,American,2017-09-01,Violations were cited in the following area(s).,20D,"Choking first aid poster not posted. Alcohol and pregnancy warning sign not posted. Resuscitation equipment: exhaled air resuscitation masks (adult & pediatric), latex gloves, sign not posted. Inspection report sign not posted.",Not Critical,11.0,A,2017-09-01,2018-11-12,Administrative Miscellaneous / Initial Inspection
50062385,STARBUCKS COFFEE,MANHATTAN,475,PARK AVE S,10016.0,3475144698,American,2018-09-20,Violations were cited in the following area(s).,08A,Facility not vermin proof. Harborage or conditions conducive to attracting vermin to the premises and/or allowing vermin to exist.,Not Critical,12.0,A,2018-09-20,2018-11-12,Cycle Inspection / Initial Inspection
50062581,375 THRICE COOKED FRIES,MANHATTAN,124,LUDLOW ST,10002.0,6466827578,American,2018-02-27,Violations were cited in the following area(s).,10I,"Single service item reused, improperly stored, dispensed; not used when required.",Not Critical,12.0,A,2018-02-27,2018-11-12,Cycle Inspection / Initial Inspection
50064590,SAPOARA,MANHATTAN,2262,1ST AVE,10035.0,2122560199,American,2018-02-15,Violations were cited in the following area(s).,10F,"Non-food contact surface improperly constructed. Unacceptable material used. Non-food contact surface or equipment improperly maintained and/or not properly sealed, raised, spaced or movable to allow accessibility for cleaning on all sides, above and underneath the unit.",Not Critical,2.0,C,2017-08-28,2018-11-12,Pre-permit (Operational) / Compliance Inspection
50065904,BARROW STREET ALE HOUSE,MANHATTAN,15,BARROW ST,10014.0,2126910282,American,2018-05-21,Violations were cited in the following area(s).,04N,"Filth flies or food/refuse/sewage-associated (FRSA) flies present in facilitys food and/or non-food areas. Filth flies include house flies, little house flies, blow flies, bottle flies and flesh flies. Food/refuse/sewage-associated flies include fruit flies, drain flies and Phorid flies.",Critical,27.0,B,2018-05-21,2018-11-12,Cycle Inspection / Re-inspection
50066840,GREEN LADY,MANHATTAN,50,BOWERY,10013.0,6466308056,American,2018-03-25,Violations were cited in the following area(s).,06C,"Food not protected from potential source of contamination during storage, preparation, transportation, display or service.",Critical,62.0,Not Yet Graded,,2018-11-12,Pre-permit (Operational) / Initial Inspection
50066928,JIA NYC,MANHATTAN,23,ESSEX ST,10002.0,6467145348,American,2017-07-17,Violations were cited in the following area(s).,06C,"Food not protected from potential source of contamination during storage, preparation, transportation, display or service.",Critical,8.0,A,2018-02-20,2018-11-12,Pre-permit (Non-operational) / Initial Inspection
50067001,PRET A MANGER,MANHATTAN,222,BROADWAY,10038.0,6467073894,American,2017-09-22,Violations were cited in the following area(s).,02G,Cold food item held above 41Âº F (smoked fish and reduced oxygen packaged foods above 38 ÂºF) except during necessary preparation.,Critical,8.0,A,2017-09-22,2018-11-12,Pre-permit (Operational) / Initial Inspection
50067589,LOCAL LEAF,MANHATTAN,440,3RD AVE,10016.0,9172615782,American,2017-10-24,Violations were cited in the following area(s).,08A,Facility not vermin proof. Harborage or conditions conducive to attracting vermin to the premises and/or allowing vermin to exist.,Not Critical,9.0,A,2017-10-24,2018-11-12,Pre-permit (Operational) / Re-inspection
50069786,BAR 263,MANHATTAN,203,E 26TH ST,10010.0,2127790300,American,2018-06-14,Violations were cited in the following area(s).,04A,Food Protection Certificate not held by supervisor of food operations.,Critical,10.0,A,2018-06-14,2018-11-12,Cycle Inspection / Initial Inspection
50070180,SAM'S DELI,MANHATTAN,30,MULBERRY ST,10013.0,2129646418,American,2017-11-24,Violations were cited in the following area(s).,06D,"Food contact surface not properly washed, rinsed and sanitized after each use and following any activity when contamination may have occurred.",Critical,12.0,A,2017-11-24,2018-11-12,Pre-permit (Operational) / Initial Inspection
50071839,FRIEDMANS,MANHATTAN,228,W 47TH ST,10036.0,6468761232,American,2018-02-26,Violations were cited in the following area(s).,06E,"Sanitized equipment or utensil, including in-use food dispensing utensil, improperly used or stored.",Critical,12.0,A,2018-02-26,2018-11-12,Pre-permit (Operational) / Initial Inspection
50072021,DUNKIN DONUTS,MANHATTAN,1482,1ST AVE,10075.0,3477347461,American,2018-03-05,Violations were cited in the following area(s).,20D,"Choking first aid poster not posted. Alcohol and pregnancy warning sign not posted. Resuscitation equipment: exhaled air resuscitation masks (adult & pediatric), latex gloves, sign not posted. Inspection report sign not posted.",Not Critical,19.0,A,2018-03-05,2018-11-12,Administrative Miscellaneous / Re-inspection
50072034,OPRY CITY STAGE,MANHATTAN,1604,BROADWAY,10019.0,2123885565,American,2018-03-06,Violations were cited in the following area(s).,10B,Plumbing not properly installed or maintained; anti-siphonage or backflow prevention device not provided where required; equipment or floor not properly drained; sewage disposal system in disrepair or not functioning properly.,Not Critical,4.0,A,2018-03-06,2018-11-12,Pre-permit (Operational) / Initial Inspection
50072100,NAP CAFE,MANHATTAN,480,7TH AVE,10018.0,6468842433,American,2018-03-13,Violations were cited in the following area(s).,03A,Food from unapproved or unknown source or home canned. Reduced oxygen packaged (ROP) fish not frozen before processing; or ROP foods prepared on premises transported to another site.,Critical,24.0,A,2018-04-27,2018-11-12,Pre-permit (Operational) / Initial Inspection
50073183,EAT CLUB,MANHATTAN,109,W 27TH ST,10001.0,5102897543,American,2018-03-07,Violations were cited in the following area(s).,10F,"Non-food contact surface improperly constructed. Unacceptable material used. Non-food contact surface or equipment improperly maintained and/or not properly sealed, raised, spaced or movable to allow accessibility for cleaning on all sides, above and underneath the unit.",Not Critical,7.0,A,2018-06-29,2018-11-12,Pre-permit (Non-operational) / Initial Inspection
50073766,JOE JR RESTAURANT,MANHATTAN,167,3RD AVE,10003.0,2124735150,American,2018-04-13,Violations were cited in the following area(s).,06C,"Food not protected from potential source of contamination during storage, preparation, transportation, display or service.",Critical,11.0,A,2018-04-13,2018-11-12,Pre-permit (Operational) / Re-inspection
50074158,BARCLAYS - 745 CDR,MANHATTAN,745,7TH AVE,10019.0,2124123940,American,2018-11-07,Violations were cited in the following area(s).,06D,"Food contact surface not properly washed, rinsed and sanitized after each use and following any activity when contamination may have occurred.",Critical,5.0,A,2018-11-07,2018-11-12,Pre-permit (Operational) / Initial Inspection
50074365,YURA,MANHATTAN,1350,MADISON AVE,10128.0,2128609872,American,2018-04-06,Violations were cited in the following area(s).,04J,"Appropriately scaled metal stem-type thermometer or thermocouple not provided or used to evaluate temperatures of potentially hazardous foods during cooking, cooling, reheating and holding.",Critical,15.0,A,2018-05-17,2018-11-12,Pre-permit (Operational) / Initial Inspection
50074524,CAFE 77,MANHATTAN,77,W 66TH ST,10023.0,8563667052,American,2018-04-25,Violations were cited in the following area(s).,02G,Cold food item held above 41Âº F (smoked fish and reduced oxygen packaged foods above 38 ÂºF) except during necessary preparation.,Critical,25.0,A,2018-07-16,2018-11-12,Pre-permit (Operational) / Initial Inspection
50075160,YORK AVENUE KITCHEN,MANHATTAN,1453,YORK AVE,10075.0,3478556965,American,2018-04-19,Violations were cited in the following area(s).,10F,"Non-food contact surface improperly constructed. Unacceptable material used. Non-food contact surface or equipment improperly maintained and/or not properly sealed, raised, spaced or movable to allow accessibility for cleaning on all sides, above and underneath the unit.",Not Critical,11.0,A,2018-04-19,2018-11-12,Pre-permit (Operational) / Initial Inspection
50075332,SONY HALL,MANHATTAN,235,W 46TH ST,10036.0,2129975123,American,2018-07-17,Violations were cited in the following area(s).,10F,"Non-food contact surface improperly constructed. Unacceptable material used. Non-food contact surface or equipment improperly maintained and/or not properly sealed, raised, spaced or movable to allow accessibility for cleaning on all sides, above and underneath the unit.",Not Critical,3.0,A,2018-07-17,2018-11-12,Pre-permit (Operational) / Re-inspection
50075346,FRESH KITCHEN,MANHATTAN,270,MADISON AVE,10016.0,2124813500,American,2018-07-30,Violations were cited in the following area(s).,10B,Plumbing not properly installed or maintained; anti-siphonage or backflow prevention device not provided where required; equipment or floor not properly drained; sewage disposal system in disrepair or not functioning properly.,Not Critical,13.0,A,2018-07-30,2018-11-12,Cycle Inspection / Re-inspection
50075419,HASWELL GREEN'S,MANHATTAN,240,W 52ND ST,10019.0,2122452801,American,2018-10-24,Violations were cited in the following area(s).,06D,"Food contact surface not properly washed, rinsed and sanitized after each use and following any activity when contamination may have occurred.",Critical,10.0,A,2018-10-24,2018-11-12,Pre-permit (Operational) / Initial Inspection
50076092,CAFE DELICE,MANHATTAN,22,E 49TH ST,10017.0,2123551330,American,2018-06-22,Establishment Closed by DOHMH.  Violations were cited in the following area(s) and those requiring immediate action were addressed.,06C,"Food not protected from potential source of contamination during storage, preparation, transportation, display or service.",Critical,13.0,P,2018-04-06,2018-11-12,Pre-permit (Operational) / Re-inspection
50076151,CLUBHOUSE by ZO.,MANHATTAN,1,ROCKEFELLER PLZ,10020.0,2127576101,American,2018-08-21,Violations were cited in the following area(s).,06C,"Food not protected from potential source of contamination during storage, preparation, transportation, display or service.",Critical,6.0,A,2018-08-21,2018-11-12,Pre-permit (Operational) / Initial Inspection
50076878,ANTIQUE CAFE,MANHATTAN,150,E 58TH ST,10155.0,3039096454,American,2018-05-16,Violations were cited in the following area(s).,10F,"Non-food contact surface improperly constructed. Unacceptable material used. Non-food contact surface or equipment improperly maintained and/or not properly sealed, raised, spaced or movable to allow accessibility for cleaning on all sides, above and underneath the unit.",Not Critical,7.0,A,2018-05-16,2018-11-12,Pre-permit (Operational) / Initial Inspection
50077172,FRANK & TERESSA'S ANCHOR BAR THE ORIGINAL BUFFALO WING,MANHATTAN,327,W 57TH ST,10019.0,2129561606,American,2018-08-13,Violations were cited in the following area(s).,04H,"Raw, cooked or prepared food is adulterated, contaminated, cross-contaminated, or not discarded in accordance with HACCP plan.",Critical,12.0,A,2018-08-13,2018-11-12,Cycle Inspection / Initial Inspection
50077338,HOTEL RIU PLAZA NEW YORK TIMES SQUARE,MANHATTAN,305,W 46TH ST,10036.0,6468641100,American,2018-09-21,Violations were cited in the following area(s).,04N,"Filth flies or food/refuse/sewage-associated (FRSA) flies present in facilitys food and/or non-food areas. Filth flies include house flies, little house flies, blow flies, bottle flies and flesh flies. Food/refuse/sewage-associated flies include fruit flies, drain flies and Phorid flies.",Critical,11.0,A,2018-09-21,2018-11-12,Pre-permit (Operational) / Initial Inspection
50078508,GITANO,MANHATTAN,76,VARICK ST,10013.0,9175382328,American,2018-07-10,Violations were cited in the following area(s).,06C,"Food not protected from potential source of contamination during storage, preparation, transportation, display or service.",Critical,92.0,Z,2018-08-11,2018-11-12,Pre-permit (Non-operational) / Initial Inspection
50079449,BARBACON,MANHATTAN,127,4TH AVE,10003.0,2124770104,American,2018-10-05,Violations were cited in the following area(s).,10F,"Non-food contact surface improperly constructed. Unacceptable material used. Non-food contact surface or equipment improperly maintained and/or not properly sealed, raised, spaced or movable to allow accessibility for cleaning on all sides, above and underneath the unit.",Not Critical,7.0,A,2018-10-05,2018-11-12,Pre-permit (Operational) / Initial Inspection
50079544,EISENBERG'S SANDWICH SHOP,MANHATTAN,174,5TH AVE,10010.0,2126755096,American,2018-07-31,Violations were cited in the following area(s).,05D,Hand washing facility not provided in or near food preparation area and toilet room. Hot and cold running water at adequate pressure to enable cleanliness of employees not provided at facility. Soap and an acceptable hand-drying device not provided.,Critical,12.0,A,2018-07-31,2018-11-12,Pre-permit (Operational) / Initial Inspection
50079704,DIG INN,MANHATTAN,412,GREENWICH ST,10013.0,2127764932,American,2018-09-05,Violations were cited in the following area(s).,02B,Hot food item not held at or above 140Âº F.,Critical,8.0,A,2018-09-05,2018-11-12,Pre-permit (Operational) / Initial Inspection
50079736,WING CLUB,MANHATTAN,353,W 14TH ST,10014.0,9179150674,American,2018-08-15,Violations were cited in the following area(s).,04L,Evidence of mice or live mice present in facility's food and/or non-food areas.,Critical,7.0,A,2018-09-19,2018-11-12,Pre-permit (Operational) / Initial Inspection
50080782,CANTEEN M & COFFEE M,MANHATTAN,189,BOWERY,10002.0,3477351606,American,2018-10-09,Violations were cited in the following area(s).,04N,"Filth flies or food/refuse/sewage-associated (FRSA) flies present in facilitys food and/or non-food areas. Filth flies include house flies, little house flies, blow flies, bottle flies and flesh flies. Food/refuse/sewage-associated flies include fruit flies, drain flies and Phorid flies.",Critical,10.0,A,2018-10-09,2018-11-12,Pre-permit (Operational) / Initial Inspection
50083109,THERE,MANHATTAN,154,ORCHARD ST,10002.0,9173882814,American,1900-01-01,,,,Not Applicable,,,,2018-11-12,
