,CAMIS,DBA,fetched_restaurant,similarity_index,error_code,record_time
0,50005183.0,COCO & CRU/SWEETWATER SOCIAL,CoCo Fresh Tea & Juice,44.0,,2018-11-18 17:36:40.772947
0,41073985.0,HEARTLAND BREWERY,Heartland Brewery,100.0,,2018-11-18 18:03:58.989869
0,40526406.0,CLUB MACANUDO (CIGAR BAR),Club Macanudo,68.0,,2018-11-18 18:07:36.852532
0,40671007.0,PIG & WHISTLE ON 3RD,Pig n Whistle,73.0,,2018-11-18 18:08:43.594536
0,41479731.0,STILLWATER BAR & GRILL,Stillwater Bar & Grill,100.0,,2018-11-18 18:09:30.671128
0,41068920.0,THE SKINNY,The SKINnY Bar & Lounge,61.0,,2018-11-18 18:10:42.131441
0,50012158.0,MEZZROW,Mezzrow,100.0,,2018-11-18 18:11:15.822098
0,41520610.0,BAREBURGER,Bareburger,100.0,,2018-11-18 18:12:28.502189
0,40567533.0,THE THIRSTY SCHOLAR,The Thirsty Scholar,100.0,,2018-11-18 18:13:39.424886
0,41467165.0,CHELSEA PAPAYA,Chelsea Papaya,100.0,,2018-11-18 18:14:33.607976
0,50066911.0,CAFE WATER,Cafe Water,100.0,,2018-11-18 18:21:13.373705
0,40403721.0,SIMPSON THACHER AND BARTLET CAFE,,,-2.0
0,50036696.0,FRIEDMAN'S,Friedmans,95.0,,2018-11-18 18:22:43.570902
0,50074809.0,MOONSTRUCK EATERY,Moonstruck Eatery,100.0,,2018-11-18 18:23:57.106606
0,41156699.0,WOOLWORTH TOWER KITCHEN/THE WOOLY PUBLIC,,,-2.0
0,50053069.0,CONVENE 237 PARK,Convene,61.0,,2018-11-18 18:24:29.459908
0,50005405.0,ARIA,Maria Pia,62.0,,2018-11-18 18:25:53.339384
0,40789156.0,BROOKDALE,Brookdale Tavern & Kitchen,51.0,,2018-11-18 18:26:32.997403
0,41497832.0,INWOOD LOCAL WINE BAR & BEER GARDEN,Inwood Local,51.0,,2018-11-18 18:27:52.499197
0,41464542.0,THE BLUEBELL CAFE,The Bluebell Cafe,100.0,,2018-11-18 18:40:39.924785
0,41304210.0,TOMPKINS SQUARE BAR,Tompkins Square Bar,100.0,,2018-11-18 18:40:59.194679
0,40936973.0,RANDOM HOUSE,Penguin Random House,75.0,,2018-11-18 18:41:14.441510
0,50045947.0,SPRINGBONE KITCHEN,Springbone Kitchen,100.0,,2018-11-18 18:42:35.250228
0,50001633.0,MARYMOUNT COLLEGE NUGENTS CAFE,,,-2.0
0,40738920.0,GEORGE KEELEY,George Keeley,100.0,,2018-11-18 18:44:11.069966
0,40850087.0,MADAME TUSSAUD'S,Madame Tussauds New York,75.0,,2018-11-18 18:45:19.425185
0,41480442.0,ATLANTICA,Atlantica,100.0,,2018-11-18 18:46:16.734176
0,41014823.0,FAT CAT BILLIARDS,Space Billiards,75.0,,2018-11-18 19:07:09.514064
0,40368271.0,CHERRY TAVERN,Cherry Tavern,100.0,,2018-11-18 19:07:59.981897
0,50039444.0,GUCKENHEIMER @ TWITTER CAFE,,,-2.0
0,41016585.0,HQ CLUB,The London Bar,38.0,,2018-11-18 19:08:50.020074
0,41199571.0,BAR  BELLY,Bar Belly,95.0,,2018-11-18 19:09:51.693573
0,50057253.0,CHAMPIGNON CAFE,Champignon,80.0,,2018-11-18 19:11:11.410036
0,50048433.0,FLUFFY'S CAFE & PIZZERIA,Fluffy’s Cafe & Pizzeria,96.0,,2018-11-18 19:12:24.698877
0,40513184.0,ACE BAR,Ace Bar,100.0,,2018-11-18 19:13:33.326522
0,50003078.0,THE ROOF,The Roof,100.0,,2018-11-18 19:14:44.275206
0,50016770.0,THE MILTON,The Milton,100.0,,2018-11-18 19:15:50.545174
0,50000803.0,LE PAIN QUOTIDIEN,Le Pain Quotidien,100.0,,2018-11-18 19:17:46.534099
0,41571350.0,THE MET GRILL/DOUBLE TREE HOTEL,The Roosevelt Hotel,56.0,,2018-11-18 19:18:54.432485
0,50001807.0,MONARCH,Monarch Rooftop,64.0,,2018-11-18 19:20:11.525917
0,40603807.0,JOSHUA TREE,Joshua Tree,100.0,,2018-11-18 19:21:26.744423
0,41721673.0,CRAZY ANNIE'S,Crazy Annie’s,92.0,,2018-11-18 19:22:36.946972
0,41523650.0,NEW YORK YACHT CLUB,New York Yacht Club,100.0,,2018-11-18 19:22:57.672324
0,41298603.0,THE SMITH,The Smith,100.0,,2018-11-18 19:24:25.457901
0,50072059.0,DIG INN,Dig Inn,100.0,,2018-11-18 19:25:00.828553
0,41543887.0,BEAUTY AND ESSEX,Beauty & Essex,87.0,,2018-11-18 19:26:18.315502
0,40522190.0,KINGS CARRIAGE HOUSE,Kings’ Carriage House,98.0,,2018-11-18 19:27:31.496044
0,41649130.0,THE SMITH,The Smith,100.0,,2018-11-18 19:28:34.425996
0,50043978.0,KINGSLEY,Kingsley,100.0,,2018-11-18 19:29:22.351914
0,40398578.0,DYCKMAN BAR,Dyckman Bar,100.0,,2018-11-18 19:30:06.617444
0,41305085.0,HEWITT DINING HALL BARNARD COLLEGE CAFETERIA,,,-2.0
0,40715372.0,HENRY'S,Henry’s,86.0,,2018-11-18 19:31:35.513382
0,41322152.0,1 2 3 BURGER SHOT BEER,123 Burger Shot Beer,95.0,,2018-11-18 19:32:51.345822
0,50013284.0,SOHO ROOM,SoHo Room,100.0,,2018-11-18 19:33:55.135546
0,50036199.0,NOMO SOHO,NOMO SOHO,100.0,,2018-11-18 19:35:03.310174
0,40603807.0,JOSHUA TREE,Joshua Tree,100.0,,2018-11-18 19:36:26.329187
0,50034739.0,ELLINGTON IN THE PARK,Ellington in the Park,100.0,,2018-11-18 19:37:06.049844
0,40396532.0,METRO DINER,Metro Diner,100.0,,2018-11-18 19:38:21.567031
0,41443726.0,MCKENNA'S PUB,McKenna’s Pub,92.0,,2018-11-18 19:39:35.696772
0,50063834.0,AVIATOR GRILL AT INTREPID,Vinegar Hill House,47.0,,2018-11-18 19:40:56.726071
0,41249167.0,UNCLE CHARLIE,Uncle Charlie’s,93.0,,2018-11-18 19:41:30.235104
0,50057332.0,ANTICA,Antica Pesa,71.0,,2018-11-18 19:42:49.684587
0,41348712.0,THE CORE CLUB,CORE: Club,78.0,,2018-11-18 19:43:12.296468
0,50050961.0,UNION FARE,Union Fare Restaurant - CLOSED,50.0,,2018-11-18 19:44:38.621724
0,41171815.0,G'S CANDY STORE COFFEE SHOP,G’s Coffee Shop,67.0,,2018-11-18 19:45:08.002523
0,41576836.0,MADISON DELI,Madison Deli,100.0,,2018-11-18 19:45:25.328498
0,50007126.0,SANDWICHERIE OF NEW YORK,Sandwicherie of New York,100.0,,2018-11-18 19:46:21.195714
0,50049008.0,TABLETIME,Tabletime,100.0,,2018-11-18 19:46:49.434435
0,40362098.0,HARRIET'S KITCHEN,Harriet’s Kitchen,94.0,,2018-11-18 19:47:46.833533
0,50013823.0,MAX FISH,Max Fish,100.0,,2018-11-18 19:48:28.471417
0,41066767.0,DALTON'S BAR & GRILL,Dalton’s Bar & Grill,95.0,,2018-11-18 19:49:35.909908
0,40660748.0,ALTA,Alta,100.0,,2018-11-18 19:50:54.865118
0,50056770.0,ESSEN,Essen,100.0,,2018-11-18 19:51:38.488468
0,41639573.0,CORNER SOCIAL,Corner Social,100.0,,2018-11-18 19:53:14.561260
0,50000880.0,PARKER & QUINN,Parker & Quinn,100.0,,2018-11-18 19:54:21.873303
0,50053557.0,LENWICH,Lenwich,100.0,,2018-11-18 19:54:47.364961
0,40835721.0,IRVING FARM,Irving Farm New York,71.0,,2018-11-18 19:55:58.625836
0,50078482.0,AU JUS,Au Jus,100.0,,2018-11-18 19:57:11.396397
0,41202176.0,TED'S MONTANA GRILL,Ted’s Montana Grill - New York,73.0,,2018-11-18 19:58:03.792446
0,50008145.0,MIGHTY QUINN'S BBQ,,,-2.0
0,40550666.0,LITE DELIGHTS,,,-2.0
0,41454101.0,FRESCO 57,,,-2.0
0,40378874.0,TERRA BLUES,,,-2.0
0,40572098.0,THE SPRING LOUNGE,,,-2.0
0,50043879.0,VANDAL,,,-2.0
0,40365871.0,NEARY'S PUB,,,-2.0
0,40723644.0,TEN DEGREES,,,-2.0
0,40732696.0,GIACOMO FINE FOODS,,,-2.0
0,41538728.0,BOWLMOR LANE,,,-2.0
0,41390998.0,CAFE OLYMPIA,,,-2.0
0,40812630.0,THE LOEB BOATHOUSE CENTRAL PARK,,,-2.0
0,50040533.0,CHELSEA CREAMLINE,,,-2.0
0,50034094.0,BROTHERS BAKERY CAFE,,,-2.0
0,41649377.0,"DUNKIN' DONUTS, HUDSON NEWS",,,-2.0
0,41559999.0,DARKHORSE,,,-2.0
0,40363685.0,BERKELEY,,,-2.0
0,50063129.0,PUBLIC ARTS,,,-2.0
0,41356747.0,LINCOLN PARK BAR & GRILL,,,-2.0
0,50045727.0,LENWICH,,,-2.0
0,50000832.0,AMC THEATRES,,,-2.0
0,50011049.0,LIGHTHOUSE FISHMARKET,,,-2.0
0,50055081.0,ANDAZ 5TH AVENUE,,,-2.0
0,41138977.0,PERRINE,,,-2.0
0,50058919.0,CHARLIE PALMER STEAK NEW YORK,,,-2.0
0,50001622.0,EARL'S BEER & CHEESE,,,-2.0
0,41640927.0,WOODROWS,,,-2.0
0,40379890.0,O'HARA'S,,,-2.0
0,41100350.0,EMPLOYEE'S ONLY,,,-2.0
0,50016770.0,THE MILTON,,,-2.0
0,50039396.0,SUGAR FACTORY MEATPACKING,,,-2.0
0,41458001.0,DIXON PLACE,,,-2.0
0,41427678.0,SHERATON NEW YORK HOTEL & TOWERS,,,-2.0
0,50043979.0,PFIZER CAFE,,,-2.0
0,41238209.0,TOWER'S CAFE,,,-2.0
0,40948625.0,SUMMER GARDEN,,,-2.0
0,50040782.0,SUBWAY INN,,,-2.0
0,50047825.0,L'AMICO/THE VINE,,,-2.0
0,41172740.0,MORGAN LIBRARY,,,-2.0
0,50037442.0,WEST END HALL BEER GARDEN,,,-2.0
0,40585860.0,N.Y. LIFE EXECUTIVE DINING ROOM .,,,-2.0
0,50044736.0,GEBHARD'S BEER CULTURE,,,-2.0
0,50044252.0,OPEN MARKET,,,-2.0
0,50047860.0,EMPIRE STEAK HOUSE,,,-2.0
0,40689838.0,SMOKE,,,-2.0
0,40536599.0,OLIVE TREE,,,-2.0
0,40574293.0,LA BONBONNIERE,,,-2.0
0,41007946.0,FRAMES BOWLING LOUNGE,,,-2.0
0,40395723.0,OLYMPIC FLAME DINER,,,-2.0
0,41629513.0,PRET A MANGER,,,-2.0
0,41674628.0,MANHATTAN PROPER,,,-2.0
0,50035825.0,BOOTS AND SADDLE,,,-2.0
0,41304210.0,TOMPKINS SQUARE BAR,,,-2.0
0,50003258.0,DURDEN,,,-2.0
0,41428049.0,THE ARCHIVE,,,-2.0
0,41222832.0,BROADWAY COMEDY CLUB,,,-2.0
0,40661616.0,SESSION 73,,,-2.0
0,40866977.0,CAFE MAE MAE,,,-2.0
0,50075050.0,SMILE TO GO,,,-2.0
0,40367338.0,TAP ROOM,,,-2.0
0,40710515.0,C.U.N.Y CAFE,,,-2.0
0,50064208.0,THE NOLITAN HOTEL,,,-2.0
0,41445748.0,GRAND CAFE (Metropolitan Hospital),,,-2.0
0,41144024.0,RIDGEWAY DINER,,,-2.0
0,41628876.0,THE GREEN DOOR,,,-2.0
0,41433469.0,THE CAPITAL GRILLE,,,-2.0
0,50058659.0,JOJO'S PHILOSOPHY,,,-2.0
0,40838693.0,BUBBY'S,,,-2.0
0,40615828.0,THE BOWERY BALLROOM,,,-2.0
0,50077574.0,BARE BURGER,,,-2.0
0,40755722.0,DAVE'S TAVERN,,,-2.0
0,50045111.0,MADISON CLUB,,,-2.0
0,50034730.0,TURNTABLE 5060,,,-2.0
0,50000233.0,PALM COURT,,,-2.0
0,50047147.0,FAIRFAX,,,-2.0
0,41246004.0,FLEX MUSSELS,,,-2.0
0,41240455.0,HAMPTON INN,,,-2.0
0,50012532.0,KRUSH,,,-2.0
0,50002356.0,Fairfield Inn & Suites,,,-2.0
0,50003400.0,THE CHESTER,,,-2.0
0,40781636.0,ESSEX,,,-2.0
0,40720858.0,PIER SIXTY ONE-THE LIGHTHOUSE,,,-2.0
0,41404053.0,GLASS HOUSE TAVERN,,,-2.0
0,50040258.0,OPEN KITCHEN,,,-2.0
0,41623532.0,MILLENIUM HILTON,,,-2.0
0,41570719.0,CHICKPEA,,,-2.0
0,50009500.0,HIGH LINE HOTEL,,,-2.0
0,41143058.0,THE ROOSEVELT HOTEL,,,-2.0
0,41246951.0,P.J. CLARKE'S,,,-2.0
0,41398232.0,VIP CLUB,,,-2.0
0,50041853.0,THE LITTLE BEET,,,-2.0
0,50073454.0,THE SOUND BITE,,,-2.0
0,40386570.0,CUBBYHOLE,,,-2.0
0,40929887.0,JIMMYS AMERICAN GRILL & BAR,,,-2.0
0,41011581.0,WOGIES,,,-2.0
0,41629167.0,HAIR OF THE DOG,,,-2.0
0,50002514.0,SHAKE SHACK,,,-2.0
0,41410290.0,THE IRON HORSE,,,-2.0
0,40623604.0,GOOD ENOUGH TO EAT (A.G. BISTRO),,,-2.0
0,40366396.0,DESMOND'S TAVERN,,,-2.0
0,40879243.0,"HYATT, NY CENTRAL, ROOM SERVICE",,,-2.0
0,50037583.0,SID GOLD'S REQUEST ROOM,,,-2.0
0,50045349.0,MCDONALDS RESTAURANT,,,-2.0
0,50083186.0,ROCKEFELLER UNIVERSITY - EMPLOYEE DINING,,,-2.0
0,41087075.0,BETWEEN THE BREAD,,,-2.0
0,40606806.0,THE RAIL LINE DINER,,,-2.0
0,50042162.0,MILE 17,,,-2.0
0,41681319.0,DUCKS EATERY,,,-2.0
0,50049008.0,TABLETIME,,,-2.0
0,50014272.0,CAFE 55,,,-2.0
0,40646987.0,YURA & COMPANY ON MADISON,,,-2.0
0,41042416.0,CITY CINEMAS 123,,,-2.0
0,41642640.0,TIME WARNER EXECUTIVE DINING ROOM,,,-2.0
0,50059980.0,OSCAR WILDE'S,,,-2.0
0,41721673.0,CRAZY ANNIE'S,,,-2.0
0,40852659.0,CHELSEA SQUARE RESTAURANT,,,-2.0
0,41454101.0,FRESCO 57,,,-2.0
0,50057297.0,BLACK BURGER/ POKE BOWL/ 5 BOROUGHS PIZZA,,,-2.0
0,50050961.0,UNION FARE,,,-2.0
0,41624133.0,TRIBECA TAPHOUSE,,,-2.0
0,41144043.0,JIMBO'S HAMBURGER PALACE,,,-2.0
0,41097286.0,THREE STAR DINER,,,-2.0
0,50039368.0,GOOD NIGHT SONNY,,,-2.0
0,41351226.0,HUGHES TAVERN,,,-2.0
0,41325827.0,CAFE,,,-2.0
0,50010278.0,Rochelle's/205 CLUB,,,-2.0
0,50055913.0,TIVOLI CAFE,,,-2.0
0,50068126.0,OLD ROSE,,,-2.0
0,41272855.0,BOBO RESTAURANT,,,-2.0
0,41629881.0,BAREBURGER,,,-2.0
0,40383511.0,BRANDY'S PIANO BAR,,,-2.0
0,40394762.0,CAROLINE'S ON BROADWAY,,,-2.0
0,50038175.0,LENZ'S,,,-2.0
0,50000479.0,IFC CENTER,,,-2.0
0,50002655.0,AU BON PAIN,,,-2.0
0,41570719.0,CHICKPEA,,,-2.0
0,50002713.0,TARTINERY (THE PLAZA SHOPS),,,-2.0
0,50042664.0,MR PURPLE,,,-2.0
0,41627819.0,JACOB'S PICKLES,,,-2.0
0,41114768.0,PUFFY'S TAVERN,,,-2.0
0,41706939.0,SNAFU 28,,,-2.0
0,40920992.0,GATSBY'S,,,-2.0
0,40561340.0,SUGAR BAR,,,-2.0
0,40483597.0,RICHARD ROGERS THEATRE,,,-2.0
0,50047006.0,ALMANAK/THE BAR,,,-2.0
0,40561040.0,ARTHUR'S TAVERN,,,-2.0
0,40723269.0,PEASANT,,,-2.0
0,41287253.0,NORWOOD,,,-2.0
0,41424528.0,NEW YORK STOCK EXCHANGE,,,-2.0
0,41416781.0,RYEHOUSE,,,-2.0
0,41452898.0,TIAA-CREF CAFETERIA,,,-2.0
0,41134842.0,THE GARRET EAST,,,-2.0
0,41605861.0,PIER 25 SNACK BAR,,,-2.0
0,50058559.0,PRET A MANGER,,,-2.0
0,50046316.0,SEAN'S BAR & KITCHEN,,,-2.0
0,41144024.0,RIDGEWAY DINER,,,-2.0
0,40988630.0,REVISION,,,-2.0
0,41011887.0,THE CITY BAKERY,,,-2.0
0,41215525.0,PORTER HOUSE BAR & GRILL,,,-2.0
0,41505301.0,SOCIETY BILLARDS AND BAR,,,-2.0
0,40563041.0,RAY'S CANDY STORE,,,-2.0
0,40402398.0,FRIARS NATIONAL ASSOC.,,,-2.0
0,50056104.0,RGA CAFE & COFFEE BAR,,,-2.0
0,41009410.0,M1-5,,,-2.0
0,41546775.0,MURPHY'S TAVERN,,,-2.0
0,50035574.0,BREAD & BUTTER,,,-2.0
0,50005331.0,Vivid Cabaret,,,-2.0
0,41705474.0,DRAUGHT 55 BAR & KITCHEN,,,-2.0
0,50057998.0,OLYMPIA DELI & JUICE,,,-2.0
0,41215525.0,PORTER HOUSE BAR & GRILL,,,-2.0
0,40394176.0,MOONSTRUCK EAST,,,-2.0
0,50046954.0,SHAKE SHACK,,,-2.0
0,40824644.0,MERCURY BAR,,,-2.0
0,40863010.0,WASHINGTON SQUARE DINER,,,-2.0
0,40372466.0,MURALS ON 54/RANDOLPH'S,,,-2.0
0,40538563.0,FOUR SEASONS HOTEL,,,-2.0
0,40368824.0,DOUBLES CLUB,,,-2.0
0,40957761.0,FLATIRON LOUNGE,,,-2.0
0,41478393.0,THE DISTILLERY,,,-2.0
0,50032852.0,DAILY BAGEL,,,-2.0
0,40389807.0,CHAMP GOURMET,,,-2.0
0,40942152.0,CROTON RESERVOIR TAVERN,,,-2.0
0,40693544.0,BELASCO THEATRE,,,-2.0
0,50000150.0,TASZO COFFEE,,,-2.0
0,50018324.0,SHELLEY'S KITCHEN,,,-2.0
0,50056401.0,DIG INN,,,-2.0
0,41230012.0,SUNFLOWER DINER,,,-2.0
0,50074093.0,RESTAURANT AT HGU,,,-2.0
0,41304210.0,TOMPKINS SQUARE BAR,,,-2.0
0,50071467.0,TGA NYC,,,-2.0
0,50015535.0,STEINBERG CENTER(JODI'S LOUNGE),,,-2.0
0,41582631.0,TINY'S AND THE BAR UPSTAIRS,,,-2.0
0,50057062.0,MUSE PAINTBAR,,,-2.0
0,41432588.0,TOASTIES,,,-2.0
0,50001713.0,"BRASSIERIE 1605/BROADWAY 49 BAR & LOUNGE (MAIN KITCHEN), GRIND & CO",,,-2.0
0,40383511.0,BRANDY'S PIANO BAR,,,-2.0
0,50060139.0,SATIN DOLLS,,,-2.0
0,41640818.0,RED OLIVE,,,-2.0
0,50033802.0,ONE WORLD OBSERVATORY,,,-2.0
0,41507901.0,THE LIVING ROOM,,,-2.0
0,50011154.0,SMITHFIELD HALL,,,-2.0
0,50000853.0,TASTY DELI,,,-2.0
0,41546986.0,BEDLAM,,,-2.0
0,50047690.0,KIRSH BAKERY AND KITCHEN,,,-2.0
0,40646372.0,BAR NONE,,,-2.0
0,50003258.0,DURDEN,,,-2.0
0,40920992.0,GATSBY'S,,,-2.0
0,41151907.0,THE BACK ROOM,,,-2.0
0,41576490.0,SILO CAFE,,,-2.0
0,41026496.0,RUBY'S & LITTLE RUBY'S,,,-2.0
0,50043885.0,BOTTOMS UP/VODKA SODA,,,-2.0
0,50005732.0,SNACK BAR,,,-2.0
0,40812630.0,THE LOEB BOATHOUSE CENTRAL PARK,,,-2.0
0,50000150.0,TASZO COFFEE,,,-2.0
0,40585966.0,GUY & GALLARD,,,-2.0
0,40623604.0,GOOD ENOUGH TO EAT (A.G. BISTRO),,,-2.0
0,50003229.0,ANDY'S CAFETERIA (HPD BUILDING),,,-2.0
0,41584113.0,LCL BAR AND KITCHEN,,,-2.0
0,40912868.0,COSI,,,-2.0
0,50066245.0,BREAD & BUTTER,,,-1.0
0,41035387.0,BAR VELOCE,,,-2.0
0,41117739.0,COSMIC DINER,,,-2.0
0,50056941.0,COARSE NYC,,,-2.0
0,50005881.0,LILLY O'BRIENS,,,-2.0
0,41251040.0,THE BOILER ROOM,,,-2.0
0,41010433.0,LONDEL'S SUPPER CLUB,,,-2.0
0,50002205.0,PARK CENTRAL HOTEL KITCHEN,,,-2.0
0,41444184.0,THE AINSWORTH,,,-2.0
0,50001381.0,FLATIRON HALL,,,-2.0
0,41337804.0,JUST LORRAINE'S PLACE,,,-2.0
0,50064463.0,MARTY'S V BURGER,,,-2.0
0,41481394.0,GRAMERCY GRILL,,,-2.0
0,41448651.0,AMITY HALL,,,-2.0
0,40402717.0,THE WEBSTER APARTMENTS,,,-2.0
0,41515513.0,PARK AVENUE WINTER,,,-2.0
0,40386570.0,CUBBYHOLE,,,-2.0
0,40384340.0,FRIEND OF A FARMER,,,-2.0
0,50048586.0,BILL'S NEW YORK CITY,,,-2.0
0,50048146.0,INTERCONTINENTAL BARCLAY -  LOBBY   RESTAURANT,,,-2.0
0,40538565.0,FOUR SEASONS HOTEL,,,-2.0
0,41216183.0,TRADER'S EXPRESS DELI,,,-2.0
0,41711813.0,BEDFORD FALLS,,,-2.0
0,50045154.0,RIU PLAZA (Fashion Bar & Kitchen/Grab & Go),,,-2.0
0,50012014.0,KENNEDY CHICKEN & PIZZA,,,-2.0
0,41601611.0,LEFT BANK,,,-2.0
0,41710873.0,BOULEVARD BISTRO,,,-2.0
0,41475992.0,THE CROOKED KNIFE,,,-2.0
0,50038614.0,HAYMAKER BAR & KITCHEN,,,-2.0
0,40591202.0,WESTEND LOUNGE,,,-2.0
0,40994918.0,KEY BAR,,,-2.0
0,40378579.0,ANDREWS COFFEE SHOP,,,-2.0
0,40654823.0,BLONDIES,,,-2.0
0,40511155.0,THE GINGER MAN,,,-1.0
0,50053413.0,EAST SIDE DINER,,,-1.0
0,50074960.0,MONK MCGINNS,,,-1.0
0,50034756.0,THE LATE LATE,,,-1.0
0,41705474.0,DRAUGHT 55 BAR & KITCHEN,,,-1.0
0,40928483.0,RICE TO RICHES,,,-1.0
0,41681319.0,DUCKS EATERY,,,-1.0
0,40368318.0,MAGGIES PLACE,,,-1.0
0,50067719.0,THE ATTIC,,,-1.0
0,50052865.0,PRINTERS ALLEY,,,-1.0
0,40514147.0,CREATIVE EDGE CATERERS,,,-1.0
0,41139255.0,HUDSON FOOD COURT,,,-1.0
0,41164678.0,NIOS RESTAURANT,,,-1.0
0,50011154.0,SMITHFIELD HALL,,,-2.0
0,41497493.0,EDDY'S EATS,,,-2.0
0,50018085.0,EARTH CAFE,,,-2.0
0,40645039.0,TOWNHOUSE DINER,,,-2.0
0,41275704.0,COVINGTON & BURLING,,,-2.0
0,41515513.0,PARK AVENUE WINTER,,,-2.0
0,40654823.0,BLONDIES,,,-2.0
0,50068152.0,NEW YORK HILTON / BANQUET KITCHEN,,,-2.0
0,50005331.0,Vivid Cabaret,,,-2.0
0,41073979.0,CLOCK WORK,,,-2.0
0,41186217.0,THE LITTLE OWL,,,-2.0
0,41266591.0,MCGARRY'S,,,-2.0
0,50042550.0,GLOBAL KITCHEN,,,-2.0
0,41351011.0,CABRINI 181,,,-2.0
0,50070271.0,HOLD FAST,,,-2.0
0,40829150.0,SOCIETY OF ILLUSTRATORS,,,-2.0
0,41674628.0,MANHATTAN PROPER,,,-2.0
0,41147516.0,BLENHEIM,,,-2.0
0,40997115.0,CITI EMPLOYEE CAFETERIA,,,-2.0
0,50034689.0,CAMBRIA HOTELS & SUITES NEW YORK-CHELSEA,,,-2.0
0,50047801.0,SUNFLOWER CAFE,,,-2.0
0,50014333.0,FOODBELLA,,,-2.0
0,41351549.0,67 ORANGE STREET,,,-2.0
0,40654823.0,BLONDIES,,,-2.0
0,41699964.0,THE SEA FIRE GRILL,,,-2.0
0,50043009.0,MOMOFUKU,,,-2.0
0,41325827.0,CAFE,,,-2.0
0,41152741.0,BEACH CAFE,,,-2.0
0,50055665.0,ANN INC CAFE,,,-2.0
0,41004133.0,PRIMO CAPPUCCINO,,,-2.0
0,41706182.0,PICK-A-BAGEL/DUMPLING ROOM,,,-2.0
0,41447596.0,BLUE & GOLD DELI,,,-2.0
0,41698003.0,EAST VILLAGE SOCIAL,,,-2.0
0,50060258.0,HOLE IN THE WALL,,,-2.0
0,50017605.0,ZONI CAFE,,,-2.0
0,40604004.0,WRAP N RUN GRILL,,,-2.0
0,50001628.0,FLAT TOP,,,-2.0
0,50009921.0,HESTIA MARKETPLACE,,,-2.0
0,40810784.0,BARRAGE,,,-2.0
0,41711730.0,PETER CALLAHAN CATERING,,,-2.0
0,41230012.0,SUNFLOWER DINER,,,-2.0
0,50033845.0,DIMES,,,-2.0
0,41277451.0,MARKET TABLE,,,-2.0
0,40830563.0,HEARTLAND BREWERY,,,-2.0
0,50055081.0,ANDAZ 5TH AVENUE,,,-2.0
0,41272855.0,BOBO RESTAURANT,,,-2.0
0,50018594.0,THE SPOTTED OWL,,,-2.0
0,50009512.0,THE EDDY,,,-2.0
0,50008145.0,MIGHTY QUINN'S BBQ,,,-1.0
0,50008145.0,MIGHTY QUINN'S BBQ,Mighty Quinn’s Barbeque,83.0,,2018-11-19 13:16:17.202723
0,40550666.0,LITE DELIGHTS,Lite Delights,100.0,,2018-11-19 13:16:53.215345
0,41454101.0,FRESCO 57,Fresco 57,100.0,,2018-11-19 13:17:33.708869
0,40378874.0,TERRA BLUES,Terra Blues,100.0,,2018-11-19 13:37:08.769328
0,40572098.0,THE SPRING LOUNGE,The Spring Lounge,100.0,,2018-11-19 13:38:17.476277
0,50043879.0,VANDAL,Vandal,100.0,,2018-11-19 13:39:32.369383
0,40365871.0,NEARY'S PUB,Neary’s,67.0,,2018-11-19 13:40:04.682736
0,40723644.0,TEN DEGREES,Ten Degrees Bar,85.0,,2018-11-19 13:41:16.599593
0,40732696.0,GIACOMO FINE FOODS,Giacomo Fine Foods,100.0,,2018-11-19 13:47:42.233285
0,41538728.0,BOWLMOR LANE,Bowlmor Chelsea Piers,67.0,,2018-11-19 13:48:47.603899
0,41390998.0,CAFE OLYMPIA,Cafe Olympia,100.0,,2018-11-19 13:49:36.747558
0,40812630.0,THE LOEB BOATHOUSE CENTRAL PARK,The Loeb Boathouse,73.0,,2018-11-19 13:50:40.768288
0,50040533.0,CHELSEA CREAMLINE,Creamline,69.0,,2018-11-19 13:51:49.249507
0,50034094.0,BROTHERS BAKERY CAFE,Brother’s Bakery Cafe,98.0,,2018-11-19 14:05:38.189278
0,41649377.0,"DUNKIN' DONUTS, HUDSON NEWS",Dunkin’ Donuts,63.0,,2018-11-19 14:05:53.393455
0,41559999.0,DARKHORSE,Dark Horse,95.0,,2018-11-19 14:07:14.134176
0,41356747.0,LINCOLN PARK BAR & GRILL,Lincoln Park Grill,86.0,,2018-11-19 14:11:04.920933
0,50045727.0,LENWICH,Lenwich,100.0,,2018-11-19 14:12:02.528017
0,50000832.0,AMC THEATRES,AMC 84th Street 6,62.0,,2018-11-19 14:13:13.087782
0,50011049.0,LIGHTHOUSE FISHMARKET,Lighthouse Fish Market & Restaurant,75.0,,2018-11-19 14:14:18.878562
0,50055081.0,ANDAZ 5TH AVENUE,Andaz 5th Avenue-a concept by Hyatt,63.0,,2018-11-19 14:15:28.082230
0,41100350.0,EMPLOYEE'S ONLY,Employees Only,97.0,,2018-11-19 14:19:40.516786
0,50016770.0,THE MILTON,The Milton,100.0,,2018-11-19 14:20:51.159852
0,50039396.0,SUGAR FACTORY MEATPACKING,Sugar Factory,68.0,,2018-11-19 14:22:09.583452
0,50043979.0,PFIZER CAFE,,,-2.0
0,41238209.0,TOWER'S CAFE,,,-2.0
0,40948625.0,SUMMER GARDEN,,,-2.0
0,50040782.0,SUBWAY INN,,,-2.0
0,50047825.0,L'AMICO/THE VINE,,,-2.0
0,50043979.0,PFIZER CAFE,Pier i Cafe,82.0,,2018-11-19 14:30:22.053649
0,41238209.0,TOWER'S CAFE,Towers Cafe,96.0,,2018-11-19 14:30:35.867644
0,40948625.0,SUMMER GARDEN,Summer Garden & Bar,81.0,,2018-11-19 14:30:50.686066
0,50040782.0,SUBWAY INN,Subway Inn,100.0,,2018-11-19 14:31:16.788383
0,50047825.0,L'AMICO/THE VINE,L’Amico NYC,59.0,,2018-11-19 14:32:32.086346
0,41172740.0,MORGAN LIBRARY,Pierpont Morgan Library,76.0,,2018-11-19 14:34:27.366629
0,50037442.0,WEST END HALL BEER GARDEN,West End Hall,68.0,,2018-11-19 14:35:37.298722
0,40585860.0,N.Y. LIFE EXECUTIVE DINING ROOM .,Eleven Madison Park,38.0,,2018-11-19 14:36:55.246886
0,50044736.0,GEBHARD'S BEER CULTURE,Gebhard’s Beer Culture,95.0,,2018-11-19 14:37:43.452250
0,50044252.0,OPEN MARKET,Open Market,100.0,,2018-11-19 14:38:13.039358
0,40689838.0,SMOKE,Smoke Scene,62.0,,2018-11-19 14:46:54.972340
0,40536599.0,OLIVE TREE,Olive Tree Deli,80.0,,2018-11-19 14:47:15.935628
0,40574293.0,LA BONBONNIERE,La Bonbonniere,100.0,,2018-11-19 14:48:21.589259
0,41007946.0,FRAMES BOWLING LOUNGE,Frames Bowling Lounge,100.0,,2018-11-19 14:49:27.483480
0,41629513.0,PRET A MANGER,,,-2.0
0,41674628.0,MANHATTAN PROPER,,,-2.0
0,50035825.0,BOOTS AND SADDLE,,,-2.0
0,41304210.0,TOMPKINS SQUARE BAR,,,-2.0
0,50003258.0,DURDEN,,,-2.0
0,41428049.0,THE ARCHIVE,,,-2.0
0,41222832.0,BROADWAY COMEDY CLUB,,,-2.0
0,40661616.0,SESSION 73,,,-2.0
0,40866977.0,CAFE MAE MAE,,,-2.0
0,50075050.0,SMILE TO GO,,,-2.0
0,40367338.0,TAP ROOM,,,-2.0
0,40710515.0,C.U.N.Y CAFE,,,-2.0
0,50064208.0,THE NOLITAN HOTEL,,,-2.0
0,41445748.0,GRAND CAFE (Metropolitan Hospital),,,-2.0
0,41144024.0,RIDGEWAY DINER,,,-2.0
0,41628876.0,THE GREEN DOOR,,,-2.0
0,41433469.0,THE CAPITAL GRILLE,,,-2.0
0,40838693.0,BUBBY'S,,,-2.0
0,40615828.0,THE BOWERY BALLROOM,,,-2.0
0,50077574.0,BARE BURGER,,,-2.0
0,41629513.0,PRET A MANGER,,,-2.0
0,41674628.0,MANHATTAN PROPER,,,-2.0
0,50035825.0,BOOTS AND SADDLE,,,-2.0
0,41304210.0,TOMPKINS SQUARE BAR,,,-2.0
0,50003258.0,DURDEN,,,-2.0
0,41428049.0,THE ARCHIVE,,,-2.0
0,41222832.0,BROADWAY COMEDY CLUB,,,-2.0
0,40661616.0,SESSION 73,,,-2.0
0,50075050.0,SMILE TO GO,,,-2.0
0,40367338.0,TAP ROOM,,,-2.0
0,40710515.0,C.U.N.Y CAFE,,,-2.0
0,50064208.0,THE NOLITAN HOTEL,,,-2.0
0,41445748.0,GRAND CAFE (Metropolitan Hospital),,,-2.0
0,41144024.0,RIDGEWAY DINER,,,-2.0
0,41628876.0,THE GREEN DOOR,,,-2.0
0,40395723.0,OLYMPIC FLAME DINER,,,-2.0
0,41629513.0,PRET A MANGER,,,-2.0
0,41674628.0,MANHATTAN PROPER,,,-2.0
0,50035825.0,BOOTS AND SADDLE,,,-2.0
0,41304210.0,TOMPKINS SQUARE BAR,,,-2.0
0,50003258.0,DURDEN,,,-2.0
0,41428049.0,THE ARCHIVE,,,-2.0
0,41222832.0,BROADWAY COMEDY CLUB,,,-2.0
0,40395723.0,OLYMPIC FLAME DINER,,,-2.0
0,41629513.0,PRET A MANGER,,,-2.0
0,40395723.0,OLYMPIC FLAME DINER,,,-2.0
0,41629513.0,PRET A MANGER,,,-2.0
0,41674628.0,MANHATTAN PROPER,,,-2.0
0,50035825.0,BOOTS AND SADDLE,,,-2.0
0,41304210.0,TOMPKINS SQUARE BAR,,,-2.0
0,40395723.0,OLYMPIC FLAME DINER,,,-3.0
0,41629513.0,PRET A MANGER,Pret A Manger,100.0,,2018-11-19 15:11:31.525826
0,41674628.0,MANHATTAN PROPER,Manhattan Proper,100.0,,2018-11-19 15:12:43.712791
0,50035825.0,BOOTS AND SADDLE,Boots & Saddle - CLOSED,67.0,,2018-11-19 15:13:07.086692
0,41304210.0,TOMPKINS SQUARE BAR,Tompkins Square Bar,100.0,,2018-11-19 15:13:19.953106
0,50003258.0,DURDEN,Durden,100.0,,2018-11-19 15:22:08.559757
0,41428049.0,THE ARCHIVE,The Archive,100.0,,2018-11-19 15:22:50.108158
0,41222832.0,BROADWAY COMEDY CLUB,Broadway Comedy Club,100.0,,2018-11-19 15:23:59.367992
0,40661616.0,SESSION 73,Session 73,100.0,,2018-11-19 15:25:04.696647
0,40866977.0,CAFE MAE MAE,Mae Mae Cafe & Bar,60.0,,2018-11-19 15:25:39.142381
0,40369810.0,PETE'S TAVERN,,,-2.0
1,40379304.0,GOTHAM BAR & GRILL,,,-2.0
2,40379920.0,E.A.T. CAFE,,,-2.0
3,40385161.0,AUTOMATIC SLIMS,,,-2.0
0,40364389.0,OLD TOWN BAR & RESTAURANT,,,-2.0,2018-11-19 21:46:03.817068
0,40369810.0,PETE'S TAVERN,,,-2.0,2018-11-19 22:13:07.440278
0,40364389.0,OLD TOWN BAR & RESTAURANT,Old Town Bar & Restaurant,100.0,,2018-11-19 22:17:50.911783
0,40369810.0,PETE'S TAVERN,Pete’s Tavern,92.0,,2018-11-19 22:19:43.448505
1,40379304.0,GOTHAM BAR & GRILL,Gotham Bar and Grill,89.0,,2018-11-19 22:21:03.152832
2,40379920.0,E.A.T. CAFE,E.A.T.,71.0,,2018-11-19 22:22:11.313312
3,40385161.0,AUTOMATIC SLIMS,Automatic Slims,100.0,,2018-11-19 22:22:53.761226
0,40388578.0,DIVE BAR,Dive Bar,100.0,,2018-11-19 22:48:26.727062
1,40394007.0,NIAGARA/ LOVERS OF TODAY/ SISTER MIDNIGHT,Lovers of Today,54.0,,2018-11-19 22:49:37.348537
2,40396494.0,CORNER CAFE AND BAKERY,Corner Cafe and Bakery,100.0,,2018-11-19 22:50:54.684490
3,40397624.0,LE MIRAGE CAFE,Le Mirage Gourmet,71.0,,2018-11-19 22:51:15.775238
0,40400185.0,CAFE BEYOND,Cafe Beyond,100.0,,2018-11-19 22:57:15.960842
1,40401453.0,JAKE'S DILEMMA,Jakes Dilemma,96.0,,2018-11-19 22:58:27.760553
2,40403586.0,THE UNIVERSITY CLUB,University Club,88.0,,2018-11-19 22:58:59.172872
0,40482586.0,BOOTH THEATER,Booth Theatre,92.0,,2018-11-19 23:11:32.212910
1,40513609.0,SKYLIGHT DINER,Skylight Diner,100.0,,2018-11-19 23:12:45.570114
2,40547272.0,DEATH & CO,Death & Co,100.0,,2018-11-19 23:13:58.591404
3,40558850.0,DECHERT (THE DECH),,,-2,2018-11-19 23:14:12.826669
4,40566482.0,KFC,KFC,100.0,,2018-11-19 23:14:28.154124
0,40573929.0,ARABELLE,Arabelle,100.0,,2018-11-19 23:17:46.190927
1,40593315.0,READE STREET PUB & KITCHEN,Reade Street Pub & Kitchen,100.0,,2018-11-19 23:18:24.589239
2,40621072.0,POINT BREAK,Point Break,100.0,,2018-11-19 23:19:45.364607
3,40634713.0,NEW YORK UNIVERSITY - LIPTON HALL,New York University,73.0,,2018-11-19 23:20:29.556216
4,40635454.0,THE LOWELL,The Lowell,100.0,,2018-11-19 23:20:50.321124
0,40656139.0,TRIBECA ROOFTOP (10 DESBROSSES STREET),,,-2.0,2018-11-19 23:21:44.026136
1,40662495.0,JOE'S PUB,Joe’s Pub at The Public,50.0,,2018-11-19 23:23:01.908805
2,40674838.0,HI LIFE BAR & GRILL,Uno Pizzeria & Grill,62.0,,2018-11-19 23:24:15.226615
3,40680918.0,ELI'S TABLE,Eli’s Table,91.0,,2018-11-19 23:24:37.941277
4,40690158.0,FRESCO ON THE GO,Fresco On The Go,100.0,,2018-11-19 23:25:08.298957
5,40694767.0,NEW YORK LUNCHEONETTE,New York Luncheonette,100.0,,2018-11-19 23:26:04.776435
6,40705931.0,BLUE HILL RESTAURANT,,,-2,2018-11-19 23:26:12.959585
7,40709138.0,THALIA,,,-2,2018-11-19 23:26:19.935526
8,40720911.0,ANOTHEROOM,,,-2,2018-11-19 23:26:26.892414
9,40724274.0,THE WHEELTAPPER,,,-2,2018-11-19 23:26:34.646705
10,40750264.0,TIMES SQUARE CAFE,,,-2,2018-11-19 23:26:41.295218
11,40786413.0,PRIVATE EYES,,,-2,2018-11-19 23:26:48.264627
12,40798867.0,POSH,,,-2,2018-11-19 23:26:55.941621
13,40856729.0,CRIF DOGS / PLEASE DON'T TELL,,,-2,2018-11-19 23:27:04.851322
14,40892252.0,ERNST & YOUNG CAFE,,,-2,2018-11-19 23:27:11.068568
15,40933601.0,THE HILL,,,-2,2018-11-19 23:27:19.558240
16,40938384.0,MOCA BAR & LOUNGE,,,-2,2018-11-19 23:27:25.121256
17,40942438.0,SKY TERRACE BAR,,,-2,2018-11-19 23:27:32.001245
18,40943615.0,OTTO'S SHRUNKEN HEAD,,,-2,2018-11-19 23:27:38.898685
19,40957772.0,NURSE BETTIE,,,-2,2018-11-19 23:27:46.225455
20,40973003.0,THE PATRIOT SALOON,,,-2,2018-11-19 23:27:52.982842
21,40980389.0,THE GRAFTON PUBLIC HOUSE,,,-2,2018-11-19 23:28:03.632904
22,41068567.0,CELON BAR & LOUNGE,,,-2,2018-11-19 23:28:13.090281
23,41071907.0,LENOX FAST FOOD,,,-2,2018-11-19 23:28:22.062562
24,41084540.0,OPEN HOUSE,,,-2,2018-11-19 23:28:28.723301
0,40705931.0,BLUE HILL RESTAURANT,,,-2.0,2018-11-20 00:00:27.191764
0,40705931.0,BLUE HILL RESTAURANT,Blue Hill,62.0,,2018-11-20 11:15:51.070229
1,40709138.0,THALIA,Thalia,100.0,,2018-11-20 11:17:07.345281
2,40720911.0,ANOTHEROOM,Anotheroom,100.0,,2018-11-20 11:18:02.512461
3,40724274.0,THE WHEELTAPPER,The Wheeltapper Pub,88.0,,2018-11-20 11:18:56.049533
4,40750264.0,TIMES SQUARE CAFE,Time Square Cafe,97.0,,2018-11-20 11:19:10.733650
5,40786413.0,PRIVATE EYES,Private Eyes - CLOSED,73.0,,2018-11-20 11:19:31.636646
6,40798867.0,POSH,Posh,100.0,,2018-11-20 11:20:25.747132
7,40856729.0,CRIF DOGS / PLEASE DON'T TELL,Please Don’t Tell,70.0,,2018-11-20 11:21:38.131808
0,40933601.0,THE HILL,The Hill,100.0,,2018-11-20 11:22:19.406045
1,40938384.0,MOCA BAR & LOUNGE,Moca Bar and Lounge,89.0,,2018-11-20 11:23:17.245919
2,40942438.0,SKY TERRACE BAR,Sky Terrace Rooftop Bar,79.0,,2018-11-20 11:23:50.079819
3,40943615.0,OTTO'S SHRUNKEN HEAD,Otto’s Shrunken Head,95.0,,2018-11-20 11:25:02.508275
4,40957772.0,NURSE BETTIE,Nurse Bettie,100.0,,2018-11-20 11:26:14.286664
5,40973003.0,THE PATRIOT SALOON,The Patriot Saloon,100.0,,2018-11-20 11:27:20.758500
6,40980389.0,THE GRAFTON PUBLIC HOUSE,The Grafton,63.0,,2018-11-20 11:27:54.283230
7,41068567.0,CELON BAR & LOUNGE,Cèlon Lounge,73.0,,2018-11-20 11:28:08.429932
8,41071907.0,LENOX FAST FOOD,Lenox Fast Food,100.0,,2018-11-20 11:28:23.555059
9,41084540.0,OPEN HOUSE,Open House,100.0,,2018-11-20 11:29:05.649938
0,41086770.0,STITCH BAR,Stitch Bar & Lounge,69.0,,2018-11-20 14:19:40.346869
1,41098073.0,STOUT,Stout NYC,71.0,,2018-11-20 14:20:56.227213
2,41116590.0,SUNITA,Sunita Bar,75.0,,2018-11-20 14:21:49.018136
3,41122435.0,JIMBO'S BURGER PALACE,Jimbos Hamburger Palace,91.0,,2018-11-20 14:22:04.900835
4,41138984.0,HOTEL PIERRE-BANQUET KITCHEN,The Roosevelt Hotel,43.0,,2018-11-20 14:23:17.045826
5,41141330.0,TOASTIES,Toasties,100.0,,2018-11-20 14:24:36.276639
6,41166914.0,EAT ON 8TH,Eat on 8,89.0,,2018-11-20 14:24:51.986325
7,41183605.0,TROPICAL 128,Tropical 128,100.0,,2018-11-20 14:26:02.729820
8,41198297.0,HEARST GOOD HOUSEKEEPING INSTITUTE,,,-2,2018-11-20 14:26:14.765631
9,41211538.0,STK,STK Rooftop,43.0,,2018-11-20 14:27:03.687347
0,41212475.0,MOE'S CAFE,Moe’s Cafe,90.0,,2018-11-20 14:27:27.191532
1,41218434.0,GIGI CAFE,Gigi Cafe,100.0,,2018-11-20 14:28:27.358840
2,41218950.0,GREENWICH TREEHOUSE,Greenwich Treehouse,100.0,,2018-11-20 14:29:42.510884
3,41228468.0,THE RITZ BAR & LOUNGE,Dive Bar Lounge,67.0,,2018-11-20 14:30:11.070905
4,41229106.0,BLIND PIG,Blind Pig,100.0,,2018-11-20 14:31:21.470735
5,41243023.0,SHUKA,Shuka,100.0,,2018-11-20 14:32:39.415929
6,41246747.0,THE CANNIBAL NYC,The Cannibal,86.0,,2018-11-20 14:33:56.434508
7,41248529.0,ROUTE 66 CAFE,Route 66 Bar & Grill,61.0,,2018-11-20 14:35:11.254653
8,41269802.0,SANCTUARY T,Sanctuary T,100.0,,2018-11-20 14:36:29.658680
9,41275275.0,WHISKEY TOWN,Whiskey Town,100.0,,2018-11-20 14:37:38.215708
0,41276535.0,PAUL'S RESTAURANT,,,-2.0,2018-11-20 15:09:27.486132
0,41276535.0,PAUL'S RESTAURANT,PAUL Bar & Restaurant,79.0,,2018-11-20 17:38:51.506800
1,41281111.0,THE BOX,The Box,100.0,,2018-11-20 17:40:11.871965
0,41281518.0,MOODY'S CAFETERIA,2nd Ave Deli,41.0,,2018-11-20 17:43:26.905978
0,41313515.0,"DUNKIN' DONUTS, BASKIN ROBBINS",Dunkin Donuts Baskin Robbins,97.0,,2018-11-20 17:54:53.144698
0,41317579.0,BELFRY,The Belfry,75.0,,2018-11-20 17:56:35.849536
0,41331156.0,ROOM MATE GRACE HOTEL,Room Mate Grace Hotel,100.0,,2018-11-20 17:57:56.121851
1,41363184.0,BEAN N BEAN,Bean & Bean,91.0,,2018-11-20 17:59:13.872867
0,41384170.0,RAINES LAW ROOM,Raines Law Room,100.0,,2018-11-20 22:30:19.966609
1,41388993.0,WESTVILLE,Westville Dumbo,75.0,,2018-11-20 22:31:30.975716
2,41391961.0,MONKEY BAR,Monkey Bar,100.0,,2018-11-20 22:32:44.215527
3,41401638.0,MADISON RESTAURANT,Madison Restaurant,100.0,,2018-11-20 22:33:54.617992
4,41405007.0,THE CAPITAL GRILLE,The Capital Grille,100.0,,2018-11-20 22:35:12.629869
5,41405368.0,DYLAN MURPHY'S,Dylan Murphy’s,93.0,,2018-11-20 22:36:11.552891
6,41410066.0,LOCKSMITH WINE & BURGER BAR,Artist Locksmith & Security,52.0,,2018-11-20 22:36:34.597379
7,41426958.0,HAMPTON INN - MANHATTAN TIMES SQUARE SOUTH,Hampton Inn Manhattan / Times Square South,95.0,,2018-11-20 22:37:35.233548
8,41439621.0,HAMPTON INN,Hampton Inn Manhattan Seaport,55.0,,2018-11-20 22:38:03.827160
9,41446051.0,STAYBRIDGE SUITES,Staybridge Suites Times Square - New York City,54.0,,2018-11-20 22:39:17.647038
10,41477483.0,HOLIDAY INN EXPRESS - MANHATTAN,Holiday Inn Express Manhattan Midtown West,79.0,,2018-11-20 22:40:04.553289
11,41528368.0,"TIM HORTONS, SOUP MAN, TASTI D-LITE",Dominique Ansel Bakery,32.0,,2018-11-20 22:41:32.747567
12,41531114.0,WALTER KERR THEATRE,Walter Kerr Theatre,100.0,,2018-11-20 22:42:22.863061
13,41554670.0,MORGAN STANLEY EMPLOYEE CAFETERIA,NewYork Presbyterian/Weill Cornell Medical Center,44.0,,2018-11-20 22:43:47.993506
0,41317579.0,BELFRY,The Belfry,75.0,,2018-11-20 22:45:01.476402
0,41556790.0,FIVE GUYS FAMOUS BURGERS AND FRIES,Mel’s Burger Bar,48.0,,2018-11-21 14:36:00.860511
1,41563445.0,GMT TAVERN,GMT Tavern,100.0,,2018-11-21 14:37:12.374739
2,41564956.0,RADIO CITY MUSIC HALL,,,-3,2018-11-21 14:37:22.954136
3,41573739.0,CREPERIE,Creperie,100.0,,2018-11-21 14:38:42.603197
4,41576850.0,WEST END BAR & GRILL,West End Bar & Grill,100.0,,2018-11-21 14:40:07.869368
5,41599313.0,THE MANCHESTER DINER,The Manchester Diner,100.0,,2018-11-21 14:40:55.784359
6,41616112.0,NFL-HUDDLE CAFE,Faces & Names,36.0,,2018-11-21 14:42:10.703864
7,41617019.0,UCB EAST COMEDY,UCB Theatre,62.0,,2018-11-21 14:42:24.790345
8,41619055.0,SONS OF ESSEX,Sons of Essex,100.0,,2018-11-21 14:43:40.822693
9,41627949.0,ALGONQUIN HOTEL/BLUE BAR,King Cole Bar,54.0,,2018-11-21 14:44:50.961294
10,41630613.0,PRET A MANGER,Pret A Manger,100.0,,2018-11-21 14:45:15.489574
11,41631962.0,POPEYES LOUISIANA KITCHEN,Popeyes Louisiana Kitchen,100.0,,2018-11-21 14:45:36.194324
12,41633315.0,5 BORO BURGER,5 Boro Burger,100.0,,2018-11-21 14:46:40.043862
13,41637054.0,ORION DINER & GRILL,Orion Diner & Grill,100.0,,2018-11-21 14:47:45.211074
14,41637125.0,HAVEN'S KITCHEN,Haven’s Kitchen,93.0,,2018-11-21 14:48:15.595511
15,41638085.0,AMUSED,Amused,100.0,,2018-11-21 14:48:34.602605
16,41639734.0,VITAE,Vitae,100.0,,2018-11-21 14:49:44.615844
17,41646166.0,MIKEY'S,Mikey’s Burger,57.0,,2018-11-21 14:50:51.098845
18,41672199.0,MURRAY'S CHEESE BAR,Murray’s Cheese Bar,95.0,,2018-11-21 14:52:10.888215
19,41672903.0,MALONEY & PORCELLI,Maloney & Porcelli,100.0,,2018-11-21 14:53:17.080922
20,41679004.0,MIDDLE BRANCH,,,-3,2018-11-21 14:53:37.624623
21,41682808.0,JOSIE'S BAR,,,-1,2018-11-21 14:53:40.136884
22,41682864.0,JPMC CAFETERIA,JPMorgan Chase,50.0,,2018-11-21 14:53:53.866882
23,41688540.0,FOOD DEPOT,Food Depot Gourmet Deli,61.0,,2018-11-21 14:54:21.465038
