,DBA,fetched_restaurant,similarity_index,sentiment_score,Accepts Credit Cards,Accepts Bitcoin,Accepts Insurance,Alcohol,Appointment Only,Caters,Coat Check,Delivers,Dogs AllowedHair Types Specialized In,Happy Hour,TV,Outdoor Seating,Parking,Smoking Allowed,Take-out,Takes Reservations,Waiter Service,Wheelchair Accessible,Wi-Fi,Opened 24hrs,Gender Neutral BathroomsAmbience,Attire,Best Nights,Good For Dancing,Good For Groups,Good For Kids,Good For Meals Served,Music,Noise Level,Price Range,price_range,health_score,overall_rating,overall_reviews,violation_score
40359480,1 EAST 66TH STREET KITCHEN,Tacuba Hell’s Kitchen,51.0,0.8232575,,,,Full Bar,,Yes,,,,,,,Street,,Yes,,,,,,,Casual,,,,,,,,,$11-30,A,4.0,505.0,6.0
40364362,21 CLUB,21 Club,100.0,0.7157444999999996,,,,Full Bar,,No,,,,,,,Garage,,No,,,,,,,Formal (Jacket Required),,,,,,,,,Above $61,A,3.5,557.0,12.0
40364443,CRIMINAL COURT BLDG CAFETERIA,Serra at La Birreria,45.0,0.6792835000000004,,,,Full Bar,,No,,,,,,,Street,,No,,,,,,,Casual,,,,,,,,,$11-30,A,3.0,1063.0,13.8
40364467,NYAC MAIN DINING ROOM,New York Athletic Club,28.0,0.5531999999999998,,,,,,,,,,,,,Garage,,,,,,,,,,,,,,,,,,,,3.5,59.0,16.25
40365166,CORNER BISTRO,Corner Bistro,100.0,0.6488740000000002,,,,Full Bar,,No,,,,,,,Street,,Yes,,,,,,,Casual,,,,,,,,,Under $10,A,3.5,1455.0,19.75
40367373,JACKSON HOLE,Jackson Hole,100.0,0.6039335000000006,,,,Full Bar,,No,,,,,,,Street,,Yes,,,,,,,,,,,,,,,,$11-30,A,3.5,292.0,9.0
40368374,JIMMY'S CORNER,Jimmy’s Corner,93.0,0.5868890000000003,,,,Full Bar,,,,,,,,,Street,,,,,,,,,,,,,,,Juke Box,,,Inexpensive,A,4.0,539.0,13.25
40369165,REIF'S TAVERN,Reif’s Tavern,92.0,0.7889933333333334,,,,Full Bar,,,,,,,,,Street,,,,,,,,,,,,,,,Juke Box,,,Inexpensive,A,4.0,45.0,15.8
40370168,EAR INN,The Ear Inn,78.0,0.7030560000000002,,,,Full Bar,,No,,,,,,,Street,,Yes,,,,,,,Casual,,,,,,,,,$11-30,A,4.0,366.0,22.0
40371454,WEST BANK CAFE,West Bank Cafe,100.0,0.7882360000000004,,,,Full Bar,,No,,,,,,,Street,,Yes,,,,,,,Casual,,,,,,,,,$11-30,A,4.0,227.0,13.25
40372466,MURALS ON 54/RANDOLPH'S,Murals On 54,69.0,0.2902823529411765,,,,,,,,,,,,,,,,,,,,,,,,,,,,,,,,,,,41.6
40375839,COZY SOUP & BURGER,Cozy Soup ‘n’ Burger,89.0,0.389489,,,,Beer & Wine Only,,No,,,,,,,Street,,Yes,,,,,,,,,,,,,,,,$11-30,A,3.0,391.0,11.0
40379920,E.A.T. CAFE,E.A.T.,71.0,0.22993149999999996,,,,No,,Yes,,,,,,,Street,,Yes,,,,,,,Casual,,,,,,,,,$11-30,A,2.0,285.0,14.75
40380432,THE BITTER END,The Bitter End,100.0,0.4268824999999999,,,,Full Bar,,,,,,,,,Street,,,,,,,,,,,,,,,Live,,,Moderate,A,3.0,220.0,10.333333333333334
40383511,BRANDY'S PIANO BAR,Brandy’s Piano Bar,94.0,0.5259215000000002,,,,Full Bar,,,,,,,,,Street,,,,,,,,,,,,,,,Live,,,Moderate,B,3.5,236.0,23.25
40383931,FLASH DANCERS,FlashDancers,96.0,0.4413051948051947,,,,,,,,,,,,,,,,,,,,,,,,,,,,,,,,,,,11.666666666666666
40386556,WESTSIDE RESTAURANT,Westside Restaurant,100.0,0.37618654970760207,,,,Beer & Wine Only,,No,,,,,,,Street,,Yes,,,,,,,,,,,,,,,,$11-30,A,2.5,172.0,13.75
40387986,LENOX HILL GRILL/PIZZA,Cafe Fiorello,34.0,0.6955735000000002,,,,Full Bar,,No,,,,,,,Street,,Yes,,,,,,,Casual,,,,,,,,,$31-60,A,3.5,672.0,15.2
40391060,LUKE'S BAR & GRILL,Luke’s Bar and Grill,84.0,0.596415702479339,,,,Full Bar,,Yes,,,,,,,Street,,Yes,,,,,,,Casual,,,,,,,,,$11-30,A,3.0,121.0,14.0
40393725,TRIBECA GRILL,Tribeca Grill,100.0,0.7052655000000003,,,,Full Bar,,Yes,,,,,,,Street,,Yes,,,,,,,Dressy,,,,,,Background,,,$31-60,A,3.5,571.0,11.75
"40394566,MEMBERS DINING ROOM @ THE MET MUSEUM,""Cooper Hewitt, Smithsonian Design Museum"",45.0,0.7628010000000001,,,,,,,,,,,,,Street,,,,,,,,,,,,,,,,,,Moderate,,4.0,215.0,10.25"
40395093,COYOTE UGLY,Coyote Ugly,100.0,0.3626940000000002,,,,Full Bar,,,,,,,,,Street,,,,,,,,,,,,,,,Juke Box,,,Inexpensive,A,2.5,210.0,22.75
40398561,TOM AND JERRY BAR,Tom & Jerry’s,67.0,0.7710020000000002,,,,Full Bar,,,,,,,,,Street,,,,,,,,,,,,,,,,,,Moderate,A,4.0,244.0,13.0
40399136,ROCKEFELLER U/ABBY BLDG,The Bonney Read,32.0,0.6963614999999999,,,,Full Bar,,No,,,,,,,Street,,Yes,,,,,,,Casual,,,,,,,,,$11-30,,3.5,317.0,12.666666666666666
40399910,PIECES,Pieces,100.0,0.6392567164179102,,,,Full Bar,,,,,,,,,Street,,,,,,,,,,,,,,,DJ,,,Inexpensive,A,3.5,134.0,12.0
40401173,BIG BAR,Big Bar,100.0,0.6982000000000003,,,,Full Bar,,,,,,,,,Street,,,,,,,,,,,,,,,Background,,,Moderate,A,4.0,91.0,11.25
40401912,O'NIEALS,Onieals,93.0,0.6960224999999999,,,,Full Bar,,No,,,,,,,Street,,Yes,,,,,,,Casual,,,,,,,,,$11-30,,4.0,313.0,11.5
40401934,BROOKLYN DINER,Brooklyn Diner,100.0,0.5949280000000001,,,,Full Bar,,No,,,,,,,Street,,Yes,,,,,,,,,,,,,,,,$11-30,,3.0,753.0,3.6666666666666665
40402755,THE UNIVERSITY CLUB,University Club,88.0,0.8396717948717949,,,,Full Bar,,Yes,,,,,,,,,No,,,,,,,Formal (Jacket Required),,,,,,,,,$31-60,A,4.0,39.0,18.0
40402788,CBS EMPLOYEE CAFETERIA,Corner Cafe and Bakery,45.0,0.541432,,,,No,,Yes,,,,,,,Street,,Yes,,,,,,,Casual,,,,,,,,,$11-30,A,3.5,256.0,8.0
40403880,CAFE 101 16TH FLOOR CAFETERIA,Blend on the Water,43.0,0.7832554999999998,,,,,,,,,,,,,,,,,,,,,,,,,,,,,,,,,,,9.0
40424933,CREATIVE CAKES,Creative Cakes,100.0,0.925725,,,,,,,,,,,,,Street,,,,,,,,,,,,,,,,,,Ultra High-End,A,5.0,4.0,3.0
40482593,SHUBERT THEATER,Shubert Theater,100.0,0.7064953488372092,,,,,,,,,,,,,,,,,,,,,,,,,,,,,,,,,4.0,43.0,10.0
40483602,NEDERLANDER THEATER BA,New World Stages,47.0,0.7756174999999997,,,,,,,,,,,,,,,,,,,,,,,,,,,,,,,,A,4.0,209.0,16.666666666666668
40512297,BARRACUDA BAR,Barracuda,82.0,0.5326016666666664,,,,Full Bar,,,,,,,,,Street,,,,,,,,,,,,,,,DJ,,,Moderate,A,3.0,120.0,18.25
40538766,RED EYE GRILL,Redeye Grill,96.0,0.7946645,,,,Full Bar,,Yes,,,,,,,,,Yes,,,,,,,Casual,,,,,,,,,$31-60,,3.5,505.0,11.666666666666666
40545741,BOB'S STEAK & CHOP HOUSE,Bob’s Steak & Chop House,96.0,0.8190796610169492,,,,Full Bar,,,,,,,,,,,No,,,,,,,Dressy,,,,,,,,,$31-60,A,4.0,59.0,29.2
40553443,DISTILLED,Distilled,100.0,0.7515460000000005,,,,Full Bar,,Yes,,,,,,,Street,,Yes,,,,,,,Casual,,,,,,,,,$11-30,A,4.0,736.0,16.25
40560935,MUSIC BOX THEATER,Music Box Theatre,94.0,0.5850439999999999,,,,,,,,,,,,,,,,,,,,,,,,,,,,,,,,A,3.5,76.0,7.333333333333333
"40603518,""LE PARKER MERIDIEN (NORMA'S, BURGER JOINT)"",burger joint,44.0,0.6610585,,,,,,,,,,,,,,,,,,,,,,,,,,,,,,,,,,,28.2"
40606772,GEMINI DINER,Gemini,67.0,0.5588608040201006,,,,Full Bar,,No,,,,,,,Street,,Yes,,,,,,,,,,,,,,,,$11-30,A,3.5,199.0,11.0
40664744,STARBUCKS,Starbucks,100.0,0.44318269230769214,,,,,,No,,,,,,,,,Yes,,,,,,,,,,,,,,,,Moderate,,3.5,105.0,8.666666666666666
40690158,FRESCO ON THE GO,Fresco On The Go,100.0,0.5235094339622642,,,,No,,Yes,,,,,,,Street,,Yes,,,,,,,Casual,,,,,,,,,$11-30,A,3.0,53.0,16.5
40724274,THE WHEELTAPPER,The Wheeltapper Pub,88.0,0.5147881250000002,,,,Full Bar,,Yes,,,,,,,Street,,Yes,,,,,,,Casual,,,,,,,,,$11-30,A,3.0,160.0,18.5
40739412,APPLEBEE'S,Applebee’s Grill + Bar,56.0,0.11299300000000002,,,,Full Bar,,No,,,,,,,Street,,Yes,,,,,,,Casual,,,,,,,,,$11-30,A,2.0,424.0,9.25
40739883,CAFE CELLO DELI,Atlas Cafe & Bakery,41.0,0.6015599999999999,,,,No,,No,,,,,,,Street,,Yes,,,,,,,Casual,,,,,,,,,Under $10,A,3.5,455.0,10.666666666666666
40746574,BAR COASTAL,Bar-Coastal NYC,77.0,0.757675,,,,Full Bar,,,,,,,,,Street,,,,,,,,,,,,,,,,,,Moderate,A,4.0,260.0,14.5
40750263,ROOM SERVICE KITCHEN,Obsessive Cleaning,47.0,0.9029764705882352,,,,,,,,,,,,,,,,,,,,,,,,,,,,,,,,,5.0,34.0,6.666666666666667
40750279,VIEW RESTAURANT,Fashion Restaurant,73.0,0.4443142857142857,,,,Full Bar,,,,,,,,,Valet,,Yes,,,,,,,Casual,,,,,,,,,$11-30,,3.5,10.0,10.333333333333334
40750612,STROKOS PIZZA DELI,Strokos PIzza & Deli Restaurant,73.0,0.20485492957746476,,,,No,,Yes,,,,,,,Street,,Yes,,,,,,,,,,,,,,,,Under $10,A,2.5,71.0,16.25
40786413,PRIVATE EYES,Private Eyes - CLOSED,73.0,0.17808666666666664,,,,,,,,,,,,,,,,,,,,,,,,,,,,,,,,,,,20.0
40812630,THE LOEB BOATHOUSE CENTRAL PARK,The Loeb Boathouse,73.0,0.7449250000000005,,,,Full Bar,,Yes,,,,,,,,,No,,,,,,,Casual,,,,,,,,,$31-60,A,3.5,1138.0,22.75
40829514,CLINTON STREET BAKING COMPANY,Clinton Street Baking Company,100.0,0.7943315,,,,Full Bar,,Yes,,,,,,,Street,,Yes,,,,,,,Casual,,,,,,,,,$11-30,A,4.0,4365.0,18.25
40838693,BUBBY'S,Bubby’s Tribeca,55.0,0.7428945000000006,,,,Full Bar,,Yes,,,,,,,Street,,Yes,,,,,,,,,,,,,,,,$11-30,A,3.5,1192.0,14.75
40855992,FAMOUS BAGEL BUFFET,Bagel Buffet,77.0,0.5759863636363637,,,,No,,Yes,,,,,,,Street,,Yes,,,,,,,Casual,,,,,,,,,Under $10,A,4.0,44.0,17.2
40864264,THE VILLAGE TAVERN,The Village Tavern,100.0,0.44061192660550474,,,,Full Bar,,,,,,,,,Street,,,,,,,,,,,,,,,Juke Box,,,Moderate,A,3.0,109.0,14.0
40867057,TIM HORTONS,Tim Hortons,100.0,0.18442,,,,No,,No,,,,,,,,,Yes,,,,,,,Casual,,,,,,,,,Under $10,A,2.5,5.0,7.5
40868717,ALICE'S TEA CUP,Alice’s Tea Cup,93.0,0.7604364999999995,,,,Beer & Wine Only,,Yes,,,,,,,Street,,Yes,,,,,,,Casual,,,,,,,,,$11-30,A,3.5,1004.0,22.6
40879245,GRAND HYATT NEW YORK HOTEL,Grand Hyatt New York,87.0,0.4925524999999997,,,,,,,,,,,,,,,,,,,,,,,,,,,,,,,Pricey,,3.0,624.0,31.0
40886675,CANARD INC,La Sirene,42.0,0.8709585000000001,,,,Full Bar,,No,,,,,,,Street,,No,,,,,,,Casual,,,,,,,,,$31-60,A,4.5,1530.0,14.0
40890184,SNAFU,Snafu,100.0,0.6830959999999997,,,,Full Bar,,,,,,,,,Street,,,,,,,,,,,,,,,Juke Box,,,Inexpensive,A,3.5,237.0,19.2
40897685,TSQ BRASSERIE,TSQ Brasserie,100.0,0.019939499999999978,,,,Full Bar,,No,,,,,,,,,Yes,,,,,,,Casual,,,,,,,,,$11-30,A,2.0,268.0,33.2
40898366,ASHBY'S SPECIALTY,Just Salad,37.0,0.3635327586206897,,,,No,,No,,,,,,,Street,,Yes,,,,,,,Casual,,,,,,,,,Under $10,A,3.0,174.0,11.25
40914459,VILLAGE UNDERGROUND,The Village Underground,90.0,0.7800195,,,,Full Bar,,,,,,,,,Street,,,,,,,,,,,,,,,Live,,,Moderate,A,4.0,274.0,9.666666666666666
40923811,BLACK DOOR,Black Door,100.0,0.6916151315789472,,,,Full Bar,,,,,,,,,Street,,,,,,,,,,,,,,,Background,,,Moderate,A,3.5,152.0,13.25
40937036,PENELOPE,Penelope,100.0,0.6044889999999997,,,,Beer & Wine Only,,Yes,,,,,,,Street,,Yes,,,,,,,Casual,,,,,,,,,$11-30,A,3.5,2063.0,27.5
40943583,THE PRESS BOX,The Press Box,100.0,0.7119169642857143,,,,Full Bar,,No,,,,,,,Street,,Yes,,,,,,,Casual,,,,,,,,,$11-30,A,3.5,113.0,20.25
40946956,B-SIDE,B Side,83.0,0.6659244444444441,,,,Full Bar,,,,,,,,,Street,,,,,,,,,,,,,,,,,,Inexpensive,A,4.0,90.0,11.0
40998515,HEARTH,Hearth,100.0,0.8286310000000003,,,,Full Bar,,No,,,,,,,Street,,No,,,,,,,Casual,,,,,,,,,$31-60,A,4.0,661.0,18.0
40998586,TRUMP BAR,The Trump Bar,82.0,0.6966437500000001,,,,Full Bar,,,,,,,,,,,,,,,,,,,,,,,,,,,Pricey,A,3.5,33.0,12.333333333333334
41006043,12 CHAIRS,12 Chairs,100.0,0.7814849999999995,,,,Beer & Wine Only,,No,,,,,,,Street,,Yes,,,,,,,Casual,,,,,,,,,$11-30,B,4.0,398.0,30.4
41017390,EUROPAN CAFE,Europan Cafe,100.0,0.44427261904761906,,,,No,,Yes,,,,,,,Street,,Yes,,,,,,,,,,,,,,,,$11-30,A,3.0,170.0,16.5
41020286,THE HOUSE OF BREWS,The House of Brews,100.0,0.7271155000000005,,,,,,,,,,,,,,,,,,,,,,,,,,,,,,,,,,,19.0
41025084,BRASS MONKEY,Brass Monkey,100.0,0.4118404999999998,,,,Full Bar,,,,,,,,,Street,,,,,,,,,,,,,,,,,,Moderate,A,3.0,756.0,13.75
41029356,THE DUPLEX,The Duplex,100.0,0.6773580000000001,,,,Full Bar,,,,,,,,,Street,,,,,,,,,,,,,,,Live,,,Moderate,A,3.5,267.0,11.5
41040475,GRAMERCY  ALE HOUSE,Gramercy Ale House,97.0,0.7599925373134326,,,,Full Bar,,,,,,,,,Garage,,Yes,,,,,,,Casual,,,,,,Live,,,$11-30,A,3.5,66.0,26.8
41040475,GRAMERCY  ALE HOUSE,Gramercy Ale House,97.0,0.7599925373134326,,,,Full Bar,,,,,,,,,Garage,,Yes,,,,,,,Casual,,,,,,Live,,,$11-30,A,3.5,67.0,26.8
41071907,LENOX FAST FOOD,Lenox Fast Food,100.0,0.8450000000000002,,,,No,,No,,,,,,,,,Yes,,,,,,,,,,,,,,,,Under $10,A,4.5,9.0,34.6
41086770,STITCH BAR,Stitch Bar & Lounge,69.0,0.6131985000000001,,,,Full Bar,,Yes,,,,,,,Street,,Yes,,,,,,,Casual,,,,,,,,,$11-30,A,3.0,224.0,12.75
41089876,SARABETH'S,Sarabeth’s,90.0,0.6866114999999998,,,,Full Bar,,No,,,,,,,Street,,Yes,,,,,,,Casual,,,,,,,,,$11-30,A,3.5,1630.0,23.8
41091396,TEXAS STAR SNACK BAR,Mel’s Burger Bar,44.0,0.6110485000000001,,,,Full Bar,,No,,,,,,,Street,,Yes,,,,,,,Casual,,,,,,,,,$11-30,A,3.5,667.0,14.25
41098073,STOUT,Stout NYC,71.0,0.722009,,,,,,,,,,,,,,,,,,,,,,,,,,,,,,,,,,,15.5
41098607,GEORGE'S,George’s,88.0,0.7578866666666667,,,,,,,,,,,,,,,Yes,,,,,,,,,,,,,,,,,A,3.5,15.0,14.666666666666666
41114768,PUFFY'S TAVERN,Puffy’s Tavern,93.0,0.7373686046511626,,,,Full Bar,,,,,,,,,Street,,No,,,,,,,,,,,,,,,,Under $10,A,4.0,86.0,14.0
41127083,MARKET CAFE,Market Cafe,100.0,0.5199124999999999,,,,No,,Yes,,,,,,,Street,,Yes,,,,,,,,,,,,,,,,Under $10,A,3.5,40.0,27.0
41127083,MARKET CAFE,Market Cafe,100.0,0.5199124999999999,,,,No,,Yes,,,,,,,Street,,Yes,,,,,,,,,,,,,,,,Under $10,A,3.5,40.0,27.0
41128262,BRUNO'S CATERING & CAFE,Bruno’s Catering & Pizza,81.0,0.531579365079365,,,,No,,Yes,,,,,,,Street,,Yes,,,,,,,,,,,,,,,,$11-30,A,3.0,126.0,19.2
41133245,PEGU CLUB,Pegu Club,100.0,0.8075305000000006,,,,Full Bar,,,,,,,,,Street,,No,,,,,,,Dressy,,,,,,,,,$31-60,A,4.0,948.0,19.666666666666668
41144024,RIDGEWAY DINER,Ridgeway Diner,100.0,0.48093114754098354,,,,No,,Yes,,,,,,,Street,,Yes,,,,,,,,,,,,,,,,$11-30,A,3.5,61.0,28.0
41148107,HIDDEN CITY CAFE,Hidden City Cafe,100.0,0.27620769230769227,,,,No,,Yes,,,,,,,,,Yes,,,,,,,,,,,,,,,,Under $10,A,3.0,13.0,9.4
41161346,LE BASKET,Le Basket,100.0,0.5595734939759035,,,,Beer & Wine Only,,No,,,,,,,Street,,Yes,,,,,,,,,,,,,,,,Under $10,A,3.5,83.0,21.833333333333332
41171216,EAST SIDE BILLIARD,Eastside Billiards,94.0,0.5209154471544715,,,,Full Bar,,,,,,,,,Street,,,,,,,,,,,,,,,,,,Moderate,B,3.5,123.0,20.5
41191695,EAST VILLAGE CAFE,East Village Cafe,100.0,0.9039,,,,,,,,,,,,,,,Yes,,,,,,,Casual,,,,,,,,,$11-30,,4.0,3.0,9.75
41198338,ROYALE,Royale,100.0,0.7582794999999999,,,,Full Bar,,Yes,,,,,,,Street,,Yes,,,,,,,Casual,,,,,,Juke Box,,,$11-30,B,4.0,443.0,33.75
41211246,SUNBURST ESPRESSO BAR,Sunburst Espresso Bar,100.0,0.4704199999999997,,,,No,,Yes,,,,,,,Street,,Yes,,,,,,,Casual,,,,,,,,,$11-30,A,3.0,354.0,15.8
41216157,MAPI,Mapo BBQ,50.0,0.6078389999999999,,,,Beer & Wine Only,,No,,,,,,,Street,,Yes,,,,,,,Casual,,,,,,,,,$31-60,A,3.5,354.0,10.25
41219088,THE WAVERLY INN,The Waverly Inn,100.0,0.6629200000000001,,,,Full Bar,,No,,,,,,,Street,,No,,,,,,,Dressy,,,,,,,,,$31-60,A,3.5,397.0,11.666666666666666
41223396,THE BISTRO (HBO CAFETERIA),DB Bistro Moderne,51.0,0.7739860000000002,,,,Full Bar,,No,,,,,,,Street,,Yes,,,,,,,Dressy,,,,,,,,,$31-60,A,3.5,637.0,7.0
41223399,GOOGLE CAFETERIA,Cafeteria,72.0,0.6577629999999999,,,,Full Bar,,Yes,,,,,,,Street,,Yes,,,,,,,Casual,,,,,,,,,$11-30,A,3.5,3075.0,8.333333333333334
41225222,DISHES,Dishes,100.0,0.5538396103896105,,,,No,,Yes,,,,,,,,,Yes,,,,,,,,,,,,,,,,$11-30,A,3.5,154.0,24.5
41225392,BAYARD'S ALEHOUSE,Bayard’s Ale House,91.0,0.7041887417218543,,,,Full Bar,,,,,,,,,Street,,,,,,,,,,,,,,,,,,Moderate,A,3.5,151.0,14.333333333333334
41228468,THE RITZ BAR & LOUNGE,Dive Bar Lounge,67.0,0.5054346938775509,,,,Full Bar,,,,,,,,,,,,,,,,,,,,,,,,,,,Inexpensive,,3.0,49.0,23.75
41236517,CAFE AMRITA,Cafe Amrita,100.0,0.5657814999999999,,,,Full Bar,,No,,,,,,,Street,,Yes,,,,,,,Casual,,,,,,,,,$11-30,A,3.5,235.0,13.0
41267664,AILEY BOUTIQUE,Bari Studio,40.0,0.6826625,,,,,,,,,,,,,,,,,,,,,,,,,,,,,,,,,4.0,56.0,0.6666666666666666
41270891,WHISKEY TRADER,Whiskey Trader,100.0,0.6781030000000002,,,,Full Bar,,,,,,,,,Street,,,,,,,,,,,,,,,,,,Moderate,A,3.5,207.0,19.6
41279957,LELABAR,Lelabar,100.0,0.8984195000000007,,,,Beer & Wine Only,,,,,,,,,Street,,,,,,,,,,,,,,,,,,Moderate,A,4.0,341.0,16.0
41308050,RELISH CONCESSIONS (LASKER RINK),Central Park,32.0,0.8382260000000005,,,,,,,,,,,,,Street,,,,,,,,,,,,,,,,,,,,5.0,2211.0,8.0
41314977,THE RUSTY KNOT,Rusty Knot,83.0,0.7287074999999993,,,,Full Bar,,,,,,,,,Street,,,,,,,,,,,,,,,Juke Box,,,Moderate,,3.5,243.0,8.333333333333334
41317594,MARK FORGIONE,Marc Forgione,92.0,0.8633094999999994,,,,Full Bar,,No,,,,,,,,,,,,,,,,Casual,,,,,,,,,$31-60,A,4.0,862.0,16.0
41324599,PHILLIP MORRIS INTERNATIONAL,Newark Liberty International Airport - EWR,49.0,0.37807949999999985,,,,,,,,,,,,,,,,,,,,,,,,,,,,,,,,,2.5,2435.0,5.666666666666667
41326368,EET,Eet,100.0,0.45008928571428575,,,,Beer & Wine Only,,Yes,,,,,,,,,Yes,,,,,,,Casual,,,,,,,,,$11-30,A,2.5,28.0,15.25
41331156,ROOM MATE GRACE HOTEL,Room Mate Grace Hotel,100.0,0.6864633879781422,,,,,,,,,,,,,,,,,,,,,,,,,,,,,,,Moderate,A,3.5,186.0,17.4
41335133,MAMA EATERY,Mama Eatery,100.0,0.7701618181818177,,,,No,,No,,,,,,,Street,,Yes,,,,,,,,,,,,,,,,Under $10,A,4.0,110.0,13.0
41336336,SOPHIE'S,Sophie’s,88.0,0.4817647540983605,,,,Full Bar,,,,,,,,,Street,,,,,,,,,,,,,,,Juke Box,,,Inexpensive,A,3.5,122.0,13.0
41336560,TEACHERS COLLEGE/ GRACE DODGE CAFE,Two Little Red Hens,42.0,0.8361745000000005,,,,,,No,,,,,,,Street,,Yes,,,,,,,,,,,,,,,,Moderate,,4.5,2314.0,6.666666666666667
41348161,DELICATESSEN MACBAR,Delicatessen,77.0,0.726474,,,,Full Bar,,Yes,,,,,,,Street,,Yes,,,,,,,Casual,,,,,,,,,$11-30,,3.5,1133.0,17.5
41351040,HUDSON VIEW RESTAURANT,Hudson View Restaurant,100.0,0.5632206185567011,,,,Beer & Wine Only,,Yes,,,,,,,Street,,Yes,,,,,,,,,,,,,,,,$11-30,A,3.0,194.0,25.4
41354251,HAMPTON INN,Chelsea Pines Inn,57.0,0.7755476923076919,,,,,,,,,,,,,,,,,,,,,,,,,,,,,,,Moderate,,4.0,65.0,10.666666666666666
41370362,HOUNDSTOOTH PUB,Houndstooth Pub,100.0,0.655068,,,,Full Bar,,No,,,,,,,Street,,Yes,,,,,,,Casual,,,,,,,,,$11-30,A,3.0,335.0,11.5
41375676,AU ZA'ATAR,Au Za’atar,90.0,0.6698654999999999,,,,,,,,,,,,,,,,,,,,,,,,,,,,,,,,,,,10.25
41382293,TISSERIE,Tisserie 55,84.0,0.6893455000000002,,,,No,,No,,,,,,,,,Yes,,,,,,,Casual,,,,,,,,,Under $10,A,4.0,288.0,13.8
41382808,STUDIO TWENTY ONE,Jivamukti Yoga Center,42.0,0.6670329729729727,,,,,,,,,,,,,Street,,,,,,,,,,,,,,,,,,,,3.5,185.0,11.5
41385043,TERRACE CLUB,Terrace Club,100.0,0.8489545454545454,,,,,,,,,,,,,,,,,,,,,,,,,,,,,,,,A,4.0,22.0,26.0
41401638,MADISON RESTAURANT,Madison Restaurant,100.0,0.5731195,,,,Full Bar,,No,,,,,,,Street,,Yes,,,,,,,,,,,,,,,,$11-30,A,3.5,321.0,13.8
41403291,ARDESIA,Ardesia Wine Bar,61.0,0.8915285000000001,,,,,,,,,,,,,,,,,,,,,,,,,,,,,,,,,,,12.0
41407455,CINEMA VILLAGE,Cinema Village,100.0,0.6574714285714285,,,,,,,,,,,,,,,,,,,,,,,,,,,,,,,,A,3.5,85.0,9.0
41407650,WARREN 77,Warren 77,100.0,0.5442127906976747,,,,Full Bar,,Yes,,,,,,,Street,,Yes,,,,,,,Casual,,,,,,,,,$11-30,A,3.0,172.0,13.666666666666666
41410290,THE IRON HORSE,Iron Horse NYC,71.0,0.5382405000000001,,,,Full Bar,,No,,,,,,,Street,,Yes,,,,,,,Casual,,,,,,Juke Box,,,Under $10,A,4.0,367.0,19.5
41416781,RYEHOUSE,Rye House,94.0,0.7363974999999996,,,,Full Bar,,No,,,,,,,Street,,Yes,,,,,,,Casual,,,,,,Background,,,$11-30,,3.5,435.0,17.0
41423957,BLOOMS DELICATESSEN AND RESTAURANT,Bloom’s Delicatessan,70.0,0.37978111111111107,,,,No,,Yes,,,,,,,Street,,Yes,,,,,,,,,,,,,,,,$11-30,,3.0,181.0,13.75
41424474,JOHN JAY DINING HALL,John Jay Dining Hall,100.0,0.7067923076923077,,,,No,,No,,,,,,,,,Yes,,,,,,,Casual,,,,,,,,,$11-30,A,3.5,13.0,12.5
41447792,FRESH & CO,Fresh&Co,89.0,0.39162949999999996,,,,No,,Yes,,,,,,,Street,,Yes,,,,,,,,,,,,,,,,$11-30,A,3.0,295.0,18.75
41453205,THE GREY DOG,The Grey Dog,100.0,0.8228924999999996,,,,Beer & Wine Only,,Yes,,,,,,,Street,,Yes,,,,,,,,,,,,,,,,$11-30,A,4.0,993.0,7.0
41455044,MR. BIGGS BAR AND GRILL,Mr Biggs Bar & Grill,88.0,0.5669979999999999,,,,Full Bar,,No,,,,,,,Street,,Yes,,,,,,,Casual,,,,,,,,,$11-30,A,3.0,216.0,11.0
41459513,BUONGIORNO ESPRESSO,Buongiorno Espresso Bar,90.0,0.6339602739726028,,,,,,No,,,,,,,,,Yes,,,,,,,,,,,,,,,,Inexpensive,A,3.5,73.0,14.666666666666666
41459743,EVERYDAY GOURMET DELI,Everyday Gourmet Deli,100.0,0.5626218045112782,,,,Beer & Wine Only,,Yes,,,,,,,Street,,Yes,,,,,,,,,,,,,,,,Under $10,A,3.5,134.0,22.4
41460700,PIG 'N' WHISTLE,Pig n Whistle,93.0,0.569343209876543,,,,Full Bar,,Yes,,,,,,,Street,,Yes,,,,,,,Casual,,,,,,,,,$11-30,A,3.5,162.0,13.0
41464512,Edge Funds Cafe,The Candle Cafe,60.0,0.767898,,,,Full Bar,,Yes,,,,,,,Street,,Yes,,,,,,,,,,,,,,,,$11-30,A,4.0,826.0,18.75
41464542,THE BLUEBELL CAFE,The Bluebell Cafe,100.0,0.8183445000000005,,,,Full Bar,,No,,,,,,,Street,,Yes,,,,,,,Casual,,,,,,,,,$11-30,A,4.0,557.0,18.0
41473931,WHISKEY REBEL,The Whiskey Rebel,87.0,0.7366613207547165,,,,Full Bar,,,,,,,,,Street,,,,,,,,,,,,,,,,,,Moderate,A,3.5,106.0,21.4
41475992,THE CROOKED KNIFE,The Crooked Knife,100.0,0.6904644999999996,,,,Full Bar,,Yes,,,,,,,Street,,Yes,,,,,,,Casual,,,,,,,,,$11-30,A,3.5,556.0,26.4
41479962,CHOCOLAT,La Maison Du Chocolat,55.0,0.7844737704918036,,,,,,Yes,,,,,,,Street,,Yes,,,,,,,,,,,,,,,,Pricey,,4.0,183.0,31.2
41486386,UMAMI BURGER,Umami Burger at Hudson,71.0,0.5855830769230768,,,,Full Bar,,,,,,,,,,,Yes,,,,,,,Casual,,,,,,,,,$11-30,C,3.0,67.0,47.2
41487277,AUGURS WELL,Augurs Well,100.0,0.7132333333333332,,,,,,,,,,,,,,,,,,,,,,,,,,,,,,,,,,,12.75
41498521,SUSHI ROXX,Sushi Roxx - CLOSED,69.0,0.8141500000000002,,,,,,,,,,,,,,,,,,,,,,,,,,,,,,,,,,,14.25
41509250,MASON JAR,Mason Jar NYC,82.0,0.6776535000000002,,,,Full Bar,,Yes,,,,,,,Street,,Yes,,,,,,,Casual,,,,,,,,,$11-30,A,3.5,379.0,20.75
41529703,ON THE ROCKS,On The Rocks,100.0,0.6720089999999999,,,,Full Bar,,,,,,,,,Street,,,,,,,,,,,,,,,,,,Moderate,A,4.0,222.0,11.0
41530089,BROOKLYNEER,The Brooklyneer,85.0,0.6737695000000005,,,,Full Bar,,No,,,,,,,Street,,Yes,,,,,,,Casual,,,,,,,,,$11-30,A,3.5,225.0,19.333333333333332
41531114,WALTER KERR THEATRE,Walter Kerr Theatre,100.0,0.6988761904761907,,,,,,,,,,,,,,,,,,,,,,,,,,,,,,,,A,3.5,105.0,18.0
41535441,MAJESTIC DELICATESSEN CAFE,Majestic Delicatessen,89.0,0.14701077844311375,,,,No,,Yes,,,,,,,Street,,Yes,,,,,,,,,,,,,,,,$11-30,A,2.0,169.0,14.0
41546041,HEIDI'S HOUSE BY THE SIDE OF THE ROAD,Heidi’s House By The Side Of The Road,97.0,0.8854220000000005,,,,Beer & Wine Only,,No,,,,,,,Street,,Yes,,,,,,,,,,,,,,,,$11-30,A,4.5,560.0,12.25
41555214,FEDORA,Fedora,100.0,0.7961830000000002,,,,Full Bar,,No,,,,,,,Street,,No,,,,,,,Casual,,,,,,Background,,,$31-60,A,4.0,329.0,21.0
41557498,ARTIFAKT BAR,Artifakt Bar & Lounge,73.0,0.8316000000000001,,,,Full Bar,,,,,,,,,,,,,,,,,,,,,,,,,,,Moderate,A,5.0,10.0,11.666666666666666
41563445,GMT TAVERN,GMT Tavern,100.0,0.7312664948453602,,,,,,,,,,,,,,,,,,,,,,,,,,,,,,,,,,,14.5
41564700,SARABETH'S,Sarabeth’s,90.0,0.6677105000000002,,,,Full Bar,,Yes,,,,,,,Street,,Yes,,,,,,,Casual,,,,,,,,,$11-30,A,3.0,551.0,15.6
41566261,BAR CENTRALE,Bar Centrale,100.0,0.6724763513513515,,,,Full Bar,,,,,,,,,Street,,,,,,,,,,,,,,,Background,,,Pricey,A,3.5,148.0,9.0
41567540,WIMPY'S RESTAURANT 5,Wimpy’s I,48.0,0.09831739130434781,,,,No,,,,,,,,,Street,,Yes,,,,,,,Casual,,,,,,,,,Under $10,A,3.0,24.0,13.75
41568332,THE DUCK,The Duck,100.0,0.5996139784946236,,,,Full Bar,,,,,,,,,Street,,,,,,,,,,,,,,,,,,Inexpensive,B,3.5,93.0,23.25
41571350,THE MET GRILL/DOUBLE TREE HOTEL,The Roosevelt Hotel,56.0,0.221357,,,,,,,,,,,,,,,,,,,,,,,,,,,,,,,Pricey,A,2.5,816.0,36.25
41583726,PRET A MANGER,Pret A Manger,100.0,0.6978092105263155,,,,No,,Yes,,,,,,,,,Yes,,,,,,,,,,,,,,,,Under $10,A,3.5,76.0,7.666666666666667
41586885,CENTRAL MARKET ALL AMERICAN GRILL,The Capital Grille,47.0,0.8438840000000005,,,,Full Bar,,Yes,,,,,,,Garage,,No,,,,,,,Dressy,,,,,,,,,$31-60,A,4.0,506.0,9.75
41589520,FAIRFIELD INN,Fairfield Inn & Suites - Marriott,57.0,0.6648897435897436,,,,,,,,,,,,,,,,,,,,,,,,,,,,,,,Moderate,A,4.0,39.0,12.0
41589635,PRODUCERS LOUNGE,The Press Lounge,69.0,0.7975985,,,,,,,,,,,,,,,,,,,,,,,,,,,,,,,,,,,10.5
41595280,E & E Grill House,Il Corso,40.0,0.8289260000000002,,,,Full Bar,,No,,,,,,,Street,,No,,,,,,,Casual,,,,,,,,,$31-60,A,4.0,268.0,8.5
41605289,EARL OF SANDWICH,Earl of Sandwich,100.0,0.5808442857142856,,,,No,,Yes,,,,,,,Street,,Yes,,,,,,,,,,,,,,,,Under $10,A,3.5,140.0,14.75
41605861,PIER 25 SNACK BAR,World Ice Arena,38.0,0.6575900000000001,,,,,,,,,,,,,Street,,,,,,,,,,,,,,,,,,Inexpensive,,4.0,50.0,7.333333333333333
41616501,ARGOTEA,Argo Tea,93.0,0.7193084999999999,,,,,,No,,,,,,,Street,,Yes,,,,,,,,,,,,,,,,Moderate,A,3.5,228.0,3.6666666666666665
41618228,FIVE GUYS FAMOUS BURGERS AND FRIES,Lucky’s Famous Burgers,64.0,0.627513,,,,No,,Yes,,,,,,,Street,,Yes,,,,,,,Casual,,,,,,,,,$11-30,A,3.5,296.0,8.0
41618267,PHOENIX,Phoenix,100.0,0.5809607999999997,,,,Full Bar,,,,,,,,,Street,,,,,,,,,,,,,,,Juke Box,,,Inexpensive,A,3.5,125.0,12.666666666666666
41619703,FOUR CUTS STEAKHOUSE,Tudor City Steakhouse,78.0,0.8690625000000001,,,,Full Bar,,Yes,,,,,,,Garage,,Yes,,,,,,,Casual,,,,,,,,,$31-60,A,4.0,32.0,20.0
41622776,CAFE AKA,Cafe Triskell,57.0,0.8140139999999997,,,,,,No,,,,,,,Street,,Yes,,,,,,,Casual,,,,,,,,,$11-30,A,4.5,401.0,16.0
41623363,DUNKIN' DONUTS,Dunkin Donuts,96.0,0.6642222222222222,,,,No,,,,,,,,,,,Yes,,,,,,,,,,,,,,,,Under $10,,4.5,9.0,16.0
41623475,POTBELLY SANDWICH WORKS,Potbelly Sandwich Shop,84.0,0.5238551912568307,,,,No,,Yes,,,,,,,Street,,Yes,,,,,,,,,,,,,,,,Under $10,A,3.5,183.0,11.5
41630558,TRI TIP GRILL,Tri Tip Grill,100.0,0.6067263157894738,,,,Beer & Wine Only,,Yes,,,,,,,,,Yes,,,,,,,Casual,,,,,,,,,$11-30,B,3.5,95.0,18.333333333333332
41639573,CORNER SOCIAL,Corner Social,100.0,0.6277774999999997,,,,Full Bar,,Yes,,,,,,,Street,,Yes,,,,,,,Casual,,,,,,,,,$11-30,A,3.0,868.0,22.2
41639964,THE little BEET TABLE,The Little Beet Table,100.0,0.8341595000000004,,,,Full Bar,,No,,,,,,,Street,,Yes,,,,,,,Casual,,,,,,,,,$11-30,A,4.0,441.0,14.25
41640556,COVE LOUNGE,Cove Lounge,100.0,0.7052710000000001,,,,Full Bar,,,,,,,,,Street,,,,,,,,,,,,,,,DJ,,,Moderate,C,3.5,236.0,23.333333333333332
41645543,HAVEN ROOFTOP / SANCTUARY HOTEL,Haven Rooftop,59.0,0.584673,,,,,,,,,,,,,,,,,,,,,,,,,,,,,,,,,,,8.666666666666666
"41647741,THE STANDARD EAST VILLAGE,""The Standard, East Village"",98.0,0.6192016666666665,,,,,,,,,,,,,,,,,,,,,,,,,,,,,,,Pricey,A,3.5,146.0,27.5"
41651780,THE GUTHRIE INN,The Guthrie Inn,100.0,0.768720535714286,,,,Full Bar,,,,,,,,,Street,,,,,,,,,,,,,,,,,,Moderate,A,4.0,112.0,14.333333333333334
41660537,AMERICAN BAR,American Trash,77.0,0.6532656250000001,,,,,,,,,,,,,,,,,,,,,,,,,,,,,,,,,,,14.75
41664553,THE NATIONAL,National,80.0,0.49756550000000016,,,,Full Bar,,No,,,,,,,Street,,Yes,,,,,,,Casual,,,,,,,,,$11-30,A,3.5,380.0,28.166666666666668
41664978,GRAMERCY TAVERN,Gramercy Tavern,100.0,0.8935174999999991,,,,Full Bar,,No,,,,,,,Street,,No,,,,,,,Dressy,,,,,,,,,Above $61,A,4.5,2637.0,9.0
41670066,JJ'S CAFE,JJ’s Place,63.0,0.9019,,,,No,,Yes,,,,,,,,,Yes,,,,,,,,,,,,,,,,$11-30,,5.0,4.0,8.666666666666666
41675816,MACARON,Macaron Cafe,74.0,0.6019220125786164,,,,No,,Yes,,,,,,,Street,,Yes,,,,,,,Casual,,,,,,,,,$11-30,A,3.5,159.0,16.5
41676543,BLUE SPOON,Blue Spoon Coffee,74.0,0.7326520467836256,,,,No,,No,,,,,,,Street,,Yes,,,,,,,Casual,,,,,,,,,Under $10,A,4.0,174.0,9.0
41676577,THE CUTTING ROOM,The Cutting Room,100.0,0.47896899999999953,,,,Full Bar,,No,,,,,,,Street,,No,,,,,,,Casual,,,,,,Live,,,$11-30,A,3.0,203.0,18.333333333333332
41679646,GREENWICH VILLAGE COMEDY CLUB,Greenwich Village Comedy Club,100.0,0.4918632000000001,,,,Full Bar,,,,,,,,,Street,,,,,,,,,,,,,,,,,,Moderate,A,3.0,125.0,11.0
41679739,FRAME GOURMET EATERY,Frame Gourmet Eatery,100.0,0.3488805194805195,,,,No,,Yes,,,,,,,,,Yes,,,,,,,,,,,,,,,,$11-30,A,2.5,77.0,28.6
41680991,BLAKE AND TODD,Blake & Todd,85.0,0.3120033898305084,,,,,,,,,,,,,,,,,,,,,,,,,,,,,,,,,,,9.75
41681319,DUCKS EATERY,Ducks Eatery,100.0,0.7303929999999998,,,,Full Bar,,No,,,,,,,Street,,Yes,,,,,,,Casual,,,,,,,,,$11-30,A,4.0,572.0,16.0
41683619,PANERA BREAD,Panera Bread,100.0,0.19279599999999994,,,,No,,Yes,,,,,,,Street,,Yes,,,,,,,,,,,,,,,,Under $10,A,2.5,273.0,9.5
41685153,THE SPOT AT CENTER COURT,Fitness Factory,46.0,0.4016658536585366,,,,,,,,,,,,,Private Lot,,,,,,,,,,,,,,,,,,,,3.0,82.0,18.5
41687431,STAMINA GRILL & JUICE BAR,Stamina Grill & Juice Bar,100.0,0.5609468749999997,,,,No,,Yes,,,,,,,Street,,Yes,,,,,,,Casual,,,,,,,,,$11-30,A,3.5,160.0,18.4
41690590,POURING RIBBONS,Pouring Ribbons,100.0,0.8704429999999997,,,,Full Bar,,,,,,,,,Street,,,,,,,,,,,,,,,,,,Pricey,B,4.0,354.0,18.0
41694146,HU KITCHEN,Hu Kitchen,100.0,0.6053509999999998,,,,Beer & Wine Only,,Yes,,,,,,,Street,,Yes,,,,,,,,,,,,,,,,$11-30,A,3.5,812.0,29.25
41701052,GREEN CAFE,Green Cafe,100.0,0.3591786666666667,,,,No,,Yes,,,,,,,Street,,Yes,,,,,,,,,,,,,,,,$11-30,A,3.0,75.0,14.75
41701548,TWO-BITS RETRO ARCADE,Two-Bit’s Retro Arcade,98.0,0.6955289999999998,,,,Beer & Wine Only,,,,,,,,,Street,,,,,,,,,,,,,,,Background,,,Inexpensive,A,4.0,231.0,20.5
41703804,PENNSYLVANIA 6,Pennsylvania 6 NYC,88.0,0.8057474999999998,,,,Full Bar,,Yes,,,,,,,Street,,Yes,,,,,,,Casual,,,,,,,,,$11-30,A,4.0,396.0,20.4
41705503,VANGUARD WINE BAR,Vanguard Wine Bar,100.0,0.8457462686567166,,,,Beer & Wine Only,,,,,,,,,,,,,,,,,,,,,,,,,,,Moderate,A,4.0,67.0,6.333333333333333
41706078,AU BON PAIN,Au Bon Pain,100.0,0.4358179999999999,,,,No,,Yes,,,,,,,,,Yes,,,,,,,,,,,,,,,,Under $10,A,3.5,51.0,9.333333333333334
41706596,CAFE TODAY,Cafe Today - CLOSED,69.0,0.55195223880597,,,,No,,Yes,,,,,,,,,Yes,,,,,,,,,,,,,,,,Under $10,A,3.5,67.0,12.75
41707677,BOULTON & WATT,Boulton & Watt,100.0,0.8300405000000004,,,,Full Bar,,Yes,,,,,,,Street,,Yes,,,,,,,Casual,,,,,,,,,$11-30,A,4.0,630.0,20.0
41710298,WISE MEN,Wise Men,100.0,0.8505987179487178,,,,Full Bar,,No,,,,,,,Street,,No,,,,,,,Casual,,,,,,,,,$11-30,A,4.0,78.0,10.666666666666666
41711530,GALLAGHER'S,Gallaghers Steakhouse,62.0,0.7715905000000001,,,,Full Bar,,No,,,,,,,Validated,,No,,,,,,,Dressy,,,,,,,,,$31-60,,4.0,877.0,15.75
41713390,MARINA GOURMET DELI.,Marina Gourmet Deli,97.0,0.5412473684210526,,,,,,,,,,,,,Street,,Yes,,,,,,,,,,,,,,,,Under $10,P,3.5,19.0,21.4
41714341,PLANET HOLLYWOOD,Planet Hollywood,100.0,0.4358465000000002,,,,Full Bar,,No,,,,,,,,,Yes,,,,,,,Casual,,,,,,,,,$11-30,A,3.0,338.0,14.0
41721343,COFFEE SHOP DINER,Classic Coffee Shop,61.0,0.8059289473684212,,,,,,No,,,,,,,Street,,Yes,,,,,,,,,,,,,,,,Inexpensive,A,5.0,38.0,33.0
41721390,TUTTLES,Tuttles,100.0,0.6206870000000001,,,,Full Bar,,No,,,,,,,Street,,Yes,,,,,,,Casual,,,,,,Background,,,$11-30,,3.5,209.0,14.75
41721670,MULBERRY & VINE,Mulberry & Vine,100.0,0.8004410000000004,,,,,,,,,,,,,,,,,,,,,,,,,,,,,,,,,,,29.4
41722812,DIG INN,Dig Inn,100.0,0.6667535000000002,,,,No,,Yes,,,,,,,Street,,Yes,,,,,,,Casual,,,,,,,,,$11-30,A,4.0,225.0,12.2
50000161,CHARLIE BIRD,Charlie Bird,100.0,0.7560354999999997,,,,Full Bar,,No,,,,,,,Street,,No,,,,,,,Casual,,,,,,,,,$31-60,B,3.5,398.0,12.0
50000263,India House Club,Blue Bar At India House,56.0,0.739125,,,,,,,,,,,,,,,,,,,,,,,,,,,,,,,,,,,6.75
50000489,INSOMNIA COOKIES,Insomnia Cookies,100.0,0.4569891191709848,,,,,,Yes,,,,,,,Street,,Yes,,,,,,,,,,,,,,,,Inexpensive,A,3.0,193.0,8.666666666666666
50001520,FRIEDMAN'S,Friedmans,95.0,0.7329240000000002,,,,Full Bar,,Yes,,,,,,,Street,,Yes,,,,,,,Casual,,,,,,,,,$11-30,,4.0,202.0,10.5
50001547,THE WINSLOW,The Winslow,100.0,0.8489065000000002,,,,Full Bar,,No,,,,,,,Street,,Yes,,,,,,,Casual,,,,,,,,,$11-30,B,4.5,452.0,15.2
50001622,EARL'S BEER & CHEESE,Earl’s Beer & Cheese,95.0,0.8233175000000003,,,,Beer & Wine Only,,No,,,,,,,Street,,Yes,,,,,,,Casual,,,,,,,,,$11-30,A,4.0,559.0,18.8
50001622,EARL'S BEER & CHEESE,Earl’s Beer & Cheese,95.0,0.8233175000000003,,,,Beer & Wine Only,,No,,,,,,,Street,,Yes,,,,,,,Casual,,,,,,,,,$11-30,A,4.0,560.0,18.8
50001918,BLACK IRON BURGER,Black Iron Burger,100.0,0.803082,,,,Beer & Wine Only,,Yes,,,,,,,Street,,Yes,,,,,,,Casual,,,,,,,,,$11-30,A,4.0,476.0,14.333333333333334
50001966,CONTRA,Contra,100.0,0.7940199999999998,,,,Full Bar,,No,,,,,,,Street,,No,,,,,,,Casual,,,,,,,,,Above $61,A,4.0,270.0,21.75
50002202,BEA,Bea,100.0,0.8265665,,,,Full Bar,,No,,,,,,,Street,,Yes,,,,,,,Casual,,,,,,,,,$11-30,B,4.0,2027.0,34.0
50002271,MARGAUX,Margaux,100.0,0.6939925925925927,,,,Full Bar,,,,,,,,,Street,,Yes,,,,,,,Casual,,,,,,,,,$11-30,A,3.0,81.0,12.333333333333334
50002623,LE CAFE COFFEE,Le Cafe Coffee,100.0,0.8342,,,,No,,No,,,,,,,,,Yes,,,,,,,,,,,,,,,,Under $10,,4.0,48.0,10.0
50002871,SHAKE AND BURGER BAR,The Shake and Burger Bar,91.0,0.8057222222222218,,,,Full Bar,,No,,,,,,,Street,,Yes,,,,,,,Casual,,,,,,,,,$11-30,A,4.0,72.0,24.0
50003273,RED MANGO,Red Mango,100.0,0.6448877862595417,,,,,,,,,,,,,Street,,Yes,,,,,,,,,,,,,,,,Inexpensive,,3.5,132.0,7.333333333333333
50003400,THE CHESTER,The Chester,100.0,0.4024665000000004,,,,Full Bar,,No,,,,,,,Street,,Yes,,,,,,,Casual,,,,,,,,,$11-30,B,2.5,216.0,28.2
50003624,BREAK ROOM,Breakroom,95.0,0.7700479999999993,,,,Beer & Wine Only,,Yes,,,,,,,Street,,Yes,,,,,,,Casual,,,,,,,,,Under $10,A,4.5,1438.0,15.0
50003624,BREAK ROOM,Breakroom,95.0,0.7700479999999993,,,,Beer & Wine Only,,Yes,,,,,,,Street,,Yes,,,,,,,Casual,,,,,,,,,Under $10,A,4.5,1439.0,15.0
50003842,T 45,T45,86.0,0.579250909090909,,,,Full Bar,,No,,,,,,,Street,,Yes,,,,,,,Casual,,,,,,,,,$11-30,,3.5,56.0,23.0
50004433,DALI MARKET,Dali Market,100.0,0.4776685714285715,,,,Beer & Wine Only,,Yes,,,,,,,Street,,Yes,,,,,,,,,,,,,,,,Under $10,A,3.0,35.0,16.25
50005331,Vivid Cabaret,Vivid Cabaret New York,74.0,0.6594956521739129,,,,Full Bar,,,,,,,,,Street,,,,,,,,,,,,,,,DJ,,,Pricey,B,3.5,46.0,18.666666666666668
50005480,HUDSON MALONE,Hudson Malone: A New York Joint,59.0,0.6324709183673471,,,,Full Bar,,Yes,,,,,,,Street,,Yes,,,,,,,Casual,,,,,,Juke Box,,,$11-30,A,3.5,196.0,15.0
50005881,LILLY O'BRIENS,Lilly O’Brien’s,90.0,0.4038897959183673,,,,Full Bar,,No,,,,,,,Street,,Yes,,,,,,,Casual,,,,,,,,,$11-30,A,3.5,49.0,22.6
50006769,Retro Grill & Bar (Holiday Inn),Retro Bar and Grill,52.0,0.41318181818181815,,,,Full Bar,,Yes,,,,,,,,,Yes,,,,,,,Casual,,,,,,,,,$11-30,A,2.5,33.0,20.5
50007039,FIVE MILE STONE,Five Mile Stone,100.0,0.7347304999999998,,,,Full Bar,,No,,,,,,,Street,,Yes,,,,,,,Casual,,,,,,,,,$11-30,A,3.5,364.0,13.25
50007093,PHILIPPE NYC I,Philippe By Philippe Chow,62.0,0.7200820000000001,,,,Full Bar,,Yes,,,,,,,Street,,Yes,,,,,,,Dressy,,,,,,,,,$31-60,A,3.5,595.0,14.0
50009465,HILTON GARDEN INN- MANHATTAN- MIDTOWN EAST,Hilton Garden Inn New York/Manhattan-Midtown East,88.0,0.61200412371134,,,,,,,,,,,,,,,,,,,,,,,,,,,,,,,Moderate,A,3.5,99.0,28.25
50009924,TOASTIES,Toasties,100.0,0.6337949685534593,,,,No,,Yes,,,,,,,Street,,Yes,,,,,,,,,,,,,,,,Under $10,,3.5,161.0,27.6
50011368,Burger Heights,Burger Heights,100.0,0.7424955000000008,,,,No,,No,,,,,,,Street,,Yes,,,,,,,Casual,,,,,,,,,Under $10,A,4.0,342.0,9.333333333333334
50011679,ROOT & BONE,Root & Bone,100.0,0.8475999999999999,,,,Full Bar,,Yes,,,,,,,Street,,Yes,,,,,,,Casual,,,,,,,,,$11-30,A,4.0,1418.0,17.75
50012218,DUNKIN' DONUTS,Dunkin Donuts,96.0,-0.31573333333333337,,,,,,Yes,,,,,,,,,Yes,,,,,,,,,,,,,,,,,,2.5,3.0,5.666666666666667
50012613,PARK HYATT NEW YORK,The Park Hyatt New York,90.0,0.7663649122807015,,,,,,,,,,,,,,,,,,,,,,,,,,,,,,,Ultra High-End,A,4.5,114.0,10.75
50012615,PARK HYATT NEW YORK,The Park Hyatt New York,90.0,0.7663649122807015,,,,,,,,,,,,,,,,,,,,,,,,,,,,,,,Ultra High-End,A,4.5,114.0,9.333333333333334
50013681,THE HOUSE IN GRAMERCY PARK,Gramercy Tavern,54.0,0.8935174999999991,,,,Full Bar,,No,,,,,,,Street,,No,,,,,,,Dressy,,,,,,,,,Above $61,A,4.5,2638.0,16.5
50014229,AINSWORTH MIDTOWN,The Ainsworth - Midtown,85.0,0.4504717557251907,,,,Full Bar,,,,,,,,,Street,,No,,,,,,,Casual,,,,,,,,,$11-30,A,3.0,132.0,33.8
50015171,NEW AMSTERDAM THEATER,New Amsterdam Theatre,95.0,0.7393158823529412,,,,,,,,,,,,,,,,,,,,,,,,,,,,,,,,A,4.0,170.0,6.5
50015537,PLAYWRIGHTS HORIZONS,Playwrights Horizons,100.0,0.9430136363636362,,,,,,,,,,,,,,,,,,,,,,,,,,,,,,,,A,4.5,22.0,2.5
50016346,SHAKE SHACK,Shake Shack,100.0,0.6565195,,,,Beer & Wine Only,,No,,,,,,,Street,,Yes,,,,,,,Casual,,,,,,,,,$11-30,A,4.0,298.0,18.75
50016854,BOCCA BLISS,Bocca Bliss,100.0,0.6424791044776118,,,,No,,Yes,,,,,,,,,Yes,,,,,,,,,,,,,,,,Under $10,P,3.5,67.0,31.166666666666668
50017241,6B,6b,100.0,0.5758527272727272,,,,Beer & Wine Only,,Yes,,,,,,,,,Yes,,,,,,,,,,,,,,,,$11-30,B,3.5,55.0,36.333333333333336
50017430,Courtyard by Marriott Manhattan Chelsea,Courtyard by Marriott New York Manhattan/Chelsea,87.0,0.6415789473684214,,,,,,,,,,,,,,,,,,,,,,,,,,,,,,,Moderate,A,3.5,76.0,10.25
50017497,HEERMANCE FARM PURVEYORS,Heermance Farm Purveyors,100.0,0.7319076923076924,,,,Full Bar,,Yes,,,,,,,Street,,Yes,,,,,,,,,,,,,,,,$11-30,B,3.5,13.0,20.0
50017582,PARM,Parm,100.0,0.6200584999999998,,,,Full Bar,,Yes,,,,,,,Street,,Yes,,,,,,,,,,,,,,,,$11-30,A,3.5,445.0,15.0
50018079,ESPACE,espace,100.0,0.8113130434782612,,,,,,,,,,,,,,,,,,,,,,,,,,,,,,,,A,3.0,23.0,13.0
50018621,VILLAGE DEN RESTAURANT,Waverly Restaurant,65.0,0.47768450000000007,,,,Beer & Wine Only,,Yes,,,,,,,Street,,Yes,,,,,,,,,,,,,,,,$11-30,A,3.5,410.0,8.333333333333334
50018895,JUNIPER,Juniper,100.0,0.8263750000000001,,,,No,,Yes,,,,,,,Street,,Yes,,,,,,,,,,,,,,,,$11-30,A,4.0,491.0,13.666666666666666
50032827,THE RIBBON,The Ribbon,100.0,0.7579564999999998,,,,,,,,,,,,,,,,,,,,,,,,,,,,,,,,,,,13.666666666666666
50032852,DAILY BAGEL,Daily Bagel,100.0,0.09329574468085107,,,,,,No,,,,,,,Street,,Yes,,,,,,,,,,,,,,,,Inexpensive,A,2.5,94.0,23.6
50033151,GOURMET 53,Gourmet 53,100.0,0.7521648351648349,,,,No,,Yes,,,,,,,,,Yes,,,,,,,Casual,,,,,,,,,Under $10,A,4.0,91.0,28.4
50033430,BEST WESTERN PREMIER HERALD SQUARE,Best Western Premier Herald Square,100.0,0.7095618181818182,,,,,,,,,,,,,,,,,,,,,,,,,,,,,,,Moderate,A,4.0,56.0,18.333333333333332
50033434,WING BISTRO,Wing Bistro Sports Bar,67.0,0.3722174603174603,,,,Beer & Wine Only,,Yes,,,,,,,,,Yes,,,,,,,,,,,,,,,,$11-30,B,3.0,63.0,13.75
50033451,INDUSTRY KITCHEN,Industry Kitchen,100.0,0.7229869999999998,,,,Full Bar,,No,,,,,,,,,Yes,,,,,,,Casual,,,,,,,,,$11-30,A,3.5,433.0,19.0
50033595,BLACK TAP,Black Burger,57.0,0.5972534999999999,,,,No,,Yes,,,,,,,Street,,Yes,,,,,,,Casual,,,,,,,,,Under $10,,4.0,274.0,19.75
50033694,VIRGINIA'S,Virginia’s,90.0,0.8204805369127511,,,,,,,,,,,,,,,,,,,,,,,,,,,,,,,,,,,14.333333333333334
50033694,VIRGINIA'S,Virginia’s,90.0,0.8204805369127511,,,,,,,,,,,,,,,,,,,,,,,,,,,,,,,,,,,14.333333333333334
50033791,BENSON'S NYC,Benson’s NYC,92.0,0.8654879999999993,,,,Beer & Wine Only,,No,,,,,,,Garage,,Yes,,,,,,,Casual,,,,,,,,,$11-30,A,4.5,311.0,10.666666666666666
50034065,CLOCKTOWER,The Clocktower,83.0,0.8476264999999992,,,,Full Bar,,No,,,,,,,Street,,No,,,,,,,Dressy,,,,,,,,,$31-60,A,4.0,303.0,8.25
50034094,BROTHERS BAKERY CAFE,Brother’s Bakery Cafe,98.0,0.5064242424242423,,,,,,Yes,,,,,,,Street,,Yes,,,,,,,,,,,,,,,,Moderate,A,3.0,67.0,12.0
50034275,D.B.A.,d.b.a.,100.0,0.6398254999999997,,,,Full Bar,,,,,,,,,Street,,,,,,,,,,,,,,,,,,Moderate,A,3.5,435.0,18.0
50035766,SMASHBURGER,Smashburger,100.0,0.6168520000000004,,,,Beer & Wine Only,,No,,,,,,,Street,,Yes,,,,,,,Casual,,,,,,,,,$11-30,A,3.5,308.0,11.666666666666666
50035787,KINOKUNIYA CAFE ZAIYA,Kinokuniya - New York,67.0,0.7254944999999994,,,,,,,,,,,,,Street,,,,,,,,,,,,,,,,,,Moderate,A,4.5,596.0,17.333333333333332
50036670,NEUEHOUSE,NeueHouse,100.0,0.6230964285714286,,,,,,,,,,,,,,,,,,,,,,,,,,,,,,,,A,3.5,28.0,14.333333333333334
50036672,BAREBURGER,Bareburger,100.0,0.7189634999999999,,,,Full Bar,,Yes,,,,,,,Street,,Yes,,,,,,,Casual,,,,,,,,,$11-30,A,4.0,273.0,19.333333333333332
50037044,FUKU,Fuku,100.0,0.6809897637795275,,,,Beer & Wine Only,,Yes,,,,,,,Street,,Yes,,,,,,,Casual,,,,,,,,,$11-30,,3.5,127.0,6.5
50037961,JAM'S,Jams,89.0,0.6567569999999996,,,,Full Bar,,Yes,,,,,,,Street,,Yes,,,,,,,Casual,,,,,,,,,$31-60,A,3.5,232.0,14.5
50038108,NO. 142 BAR,142 Sullivan,43.0,0.8098558823529414,,,,Beer & Wine Only,,,,,,,,,,,,,,,,,,,,,,,,,,,Moderate,A,4.5,34.0,2.5
50038560,CHIRPING CHICKEN,Chirping Chicken,100.0,0.47924062500000014,,,,No,,Yes,,,,,,,,,Yes,,,,,,,,,,,,,,,,$11-30,B,3.0,64.0,35.666666666666664
50038684,HARLEM HOOKAH,Harlem Hookah,100.0,0.5873580000000002,,,,Full Bar,,,,,,,,,Street,,,,,,,,,,,,,,,,,,Moderate,A,3.0,213.0,26.0
50041322,CRAVE FISH BAR,Crave Fishbar,96.0,0.7673659999999995,,,,,,,,,,,,,,,,,,,,,,,,,,,,,,,,,,,13.333333333333334
50041646,HIGHLINE CAFE,Highline Deli,77.0,-0.13596,,,,,,No,,,,,,,,,Yes,,,,,,,,,,,,,,,,,,3.0,5.0,8.0
50042800,HIGH STREET ON HUDSON,High Street On Hudson,100.0,0.7527879999999999,,,,Full Bar,,Yes,,,,,,,Street,,Yes,,,,,,,Casual,,,,,,,,,$11-30,A,4.0,342.0,19.25
50043211,AMERITTANIA,The Ameritania Hotel,65.0,0.655017886178862,,,,,,,,,,,,,,,,,,,,,,,,,,,,,,,Moderate,A,3.5,124.0,9.0
50043664,QUALITY EATS,Quality Eats,100.0,0.8164655000000001,,,,Full Bar,,No,,,,,,,Street,,Yes,,,,,,,Casual,,,,,,,,,$31-60,A,4.0,367.0,11.0
50044287,MUNCHERY,Munchery,100.0,0.5640964285714286,,,,,,,,,,,,,,,Yes,,,,,,,,,,,,,,,,Moderate,,3.5,84.0,8.0
50044340,WENDY'S,Wendy’s,86.0,0.15360833333333335,,,,,,,,,,,,,,,,,,,,,,,,,,,,,,,,,,,10.333333333333334
50044612,Bar at the Garden,Madison Square Garden,58.0,0.7697644999999995,,,,,,,,,,,,,,,,,,,,,,,,,,,,,,,,A,4.0,946.0,2.0
50044619,GARDEN MARKET,Garden Farmers Market,76.0,0.7501833333333333,,,,,,No,,,,,,,Private Lot,,No,,,,,,,,,,,,,,,,Inexpensive,,4.0,24.0,1.0
50044727,LE TURTLE,Le Turtle,100.0,0.7655117187499999,,,,Full Bar,,No,,,,,,,Street,,No,,,,,,,Casual,,,,,,,,,$31-60,B,4.0,129.0,27.0
50044902,HOGSHEAD TAVERN,Hogshead Tavern,100.0,0.8383693181818184,,,,Full Bar,,No,,,,,,,Street,,Yes,,,,,,,Casual,,,,,,,,,$11-30,A,4.5,176.0,4.5
50045112,GARDEN PUB,Blarney Rock Pub,54.0,0.6163908571428574,,,,Full Bar,,No,,,,,,,Street,,Yes,,,,,,,Casual,,,,,,,,,$11-30,A,3.5,175.0,1.0
50045332,ROWLAND'S BAR AND GRILL/CHEF STREET,Rowland’s Bar & Grill,68.0,0.6072031746031749,,,,,,,,,,,,,,,,,,,,,,,,,,,,,,,,,,,21.666666666666668
50045493,GRAND TIER RESTAURANT @ METROPOLITAN OPERA,Grand Tier Restaurant,67.0,0.8544390625000002,,,,Full Bar,,Yes,,,,,,,Garage,,No,,,,,,,Dressy,,,,,,,,,$31-60,A,4.0,65.0,27.0
50045771,ASCENT LOUNGE,Ascent Lounge,100.0,0.8031983606557375,,,,Full Bar,,,,,,,,,,,,,,,,,,,,,,,,DJ,,,Pricey,A,4.5,61.0,19.0
50045888,WHITE HORSE TAVERN,White Horse Tavern,100.0,0.218326,,,,Full Bar,,No,,,,,,,Street,,Yes,,,,,,,Casual,,,,,,Juke Box,,,$11-30,A,2.5,340.0,17.0
50045897,STUDIO 735,Studio 735,100.0,0.8059333333333333,,,,Full Bar,,,,,,,,,,,,,,,,,,Casual,,,,,,,,,$11-30,A,4.0,9.0,12.0
50046719,CITI HOSPITALITY,Animal Hospital & Clinic of Jersey City,47.0,0.653626,,,,,,,,,,,,,,,,,,,,,,,,,,,,,,,,,4.0,50.0,4.5
50046981,The Wilson,The Wilson,100.0,0.8361888888888888,,,,Full Bar,,,,,,,,,,,,,,,,,,,,,,,,,,,,,5.0,27.0,17.25
50047392,MY BELLY'S PLAYLIST,My Belly’s Playlist,95.0,0.7556980000000002,,,,,,,,,,,,,,,Yes,,,,,,,,,,,,,,,,$11-30,A,4.0,50.0,19.0
50047692,DEUTSCHE BANK - MAIN CAFE,Black Fox Coffee,39.0,0.7457542253521126,,,,No,,No,,,,,,,,,Yes,,,,,,,,,,,,,,,,Under $10,A,4.0,143.0,11.0
50048244,LOTTE NEW YORK PALACE -4th floor kitchen,Lotte New York Palace,69.0,0.7790820000000004,,,,,,,,,,,,,,,,,,,,,,,,,,,,,,,Pricey,A,4.0,386.0,9.0
50048348,SIDE PARK CAFE,Side Park Cafe,100.0,0.6603043478260869,,,,,,,,,,,,,,,Yes,,,,,,,Casual,,,,,,,,,$11-30,A,3.5,23.0,7.5
50048541,SHAKE SHACK,Shake Shack,100.0,0.6686964999999999,,,,Beer & Wine Only,,No,,,,,,,,,Yes,,,,,,,Casual,,,,,,,,,$11-30,A,4.0,269.0,10.0
50048588,THE BEATRICE INN,The Beatrice Inn,100.0,0.6024265000000003,,,,Full Bar,,No,,,,,,,Street,,No,,,,,,,Dressy,,,,,,,,,$31-60,A,3.5,285.0,13.0
50048795,MEZZE CAFE AND BAR,Mezze Cafe and Bar,100.0,0.17094,,,,,,,,,,,,,,,Yes,,,,,,,,,,,,,,,,,A,2.5,15.0,35.666666666666664
50049229,LENWICH,Lenwich,100.0,0.5047961904761905,,,,No,,Yes,,,,,,,Street,,Yes,,,,,,,,,,,,,,,,Under $10,A,3.0,105.0,13.333333333333334
50049236,HAMILTON'S BAKERY,Hamilton’s Bakery,94.0,0.6940145454545453,,,,Beer & Wine Only,,Yes,,,,,,,Street,,Yes,,,,,,,Casual,,,,,,,,,$11-30,A,4.0,165.0,12.5
50049372,LE PAIN QUOTIDIEN,Le Pain Quotidien,100.0,0.24097916666666666,,,,No,,,,,,,,,,,Yes,,,,,,,Casual,,,,,,,,,$11-30,A,3.0,24.0,9.0
50050247,METROGRAPH,Metrograph,100.0,0.7992650602409642,,,,,,,,,,,,,,,,,,,,,,,,,,,,,,,,A,4.0,83.0,13.0
50051534,SPACIOUS/SUNFLOWER AMERICAN CAPITAL,Gramercy Tavern,36.0,0.9013369999999992,,,,Full Bar,,No,,,,,,,Street,,No,,,,,,,Dressy,,,,,,,,,Above $61,A,4.5,2635.0,24.0
50051577,GUYERS,Guyer’s,92.0,0.5764775510204081,,,,,,,,,,,,,,,No,,,,,,,Casual,,,,,,,,,$11-30,A,3.5,49.0,25.0
50052588,HENDRIKS,Hendriks,100.0,0.7506579999999999,,,,Full Bar,,No,,,,,,,Street,,Yes,,,,,,,Casual,,,,,,,,,$11-30,A,4.0,333.0,23.333333333333332
50054344,BROADSTONE BAR & KITCHEN,Broadstone Bar & Kitchen,100.0,0.7196147058823528,,,,Full Bar,,No,,,,,,,,,Yes,,,,,,,Casual,,,,,,,,,$11-30,A,4.0,171.0,13.0
"50055210,""RESTAURANT ASSOCIATES, INC"",Audra Frank Painting Company,44.0,0.6852,,,,,,,,,,,,,,,,,,,,,,,,,,,,,,,,,5.0,2.0,11.0"
50055985,MARCHE MADISON,Marche Madison,100.0,-0.04366666666666664,,,,,,,,,,,,,,,,,,,,,,,,,,,,,,,,A,2.0,15.0,23.0
50056063,POP & POUR,Pop and Pour Cafe,67.0,0.9040136986301369,,,,Beer & Wine Only,,No,,,,,,,Street,,Yes,,,,,,,Casual,,,,,,,,,$11-30,A,4.5,74.0,7.0
50056067,HAROLD'S MEAT & THREE,Harold’s,48.0,0.6004791666666667,,,,Full Bar,,No,,,,,,,,,Yes,,,,,,,Casual,,,,,,,,,$11-30,,3.5,120.0,11.0
50056993,CIVIC DELI,Civic Deli,100.0,0.6203274509803922,,,,,,,,,,,,,,,,,,,,,,,,,,,,,,,,,,,29.0
50057029,Loring Place,Loring Place,100.0,0.8769794999999998,,,,Full Bar,,No,,,,,,,Street,,No,,,,,,,Casual,,,,,,,,,$31-60,A,4.5,272.0,12.0
50058810,GRAND SLAM BANQUET HALL,Grand Slam Banquet Hall,100.0,0.14964999999999998,,,,,,,,,,,,,,,,,,,,,,,,,,,,,,,,A,2.5,6.0,10.0
50059202,NICKEL AND DINER,Nickel & Diner,87.0,0.7636105000000003,,,,Full Bar,,No,,,,,,,Street,,Yes,,,,,,,,,,,,,,,,$11-30,,4.0,332.0,27.666666666666668
50059435,GARDEN GRILL & BAR,Garden Grill - CLOSED,72.0,0.40715937500000005,,,,No,,No,,,,,,,Street,,Yes,,,,,,,,,,,,,,,,Under $10,A,3.0,128.0,11.0
50059616,CONVENE,Convene,100.0,0.8577333333333333,,,,,,,,,,,,,,,,,,,,,,,,,,,,,,,,A,5.0,6.0,4.0
50059675,MAGNOLIA RESTAURANT,Magnolia Restaurant - CLOSED,81.0,0.5271888888888889,,,,,,,,,,,,,,,,,,,,,,,,,,,,,,,,,,,25.5
50059751,WATTLE CAFE,Wattle Cafe,100.0,0.6947126050420168,,,,No,,Yes,,,,,,,Street,,Yes,,,,,,,Casual,,,,,,,,,$11-30,A,4.0,119.0,12.0
50059993,SEAMORE'S,Seamore’s,89.0,0.732114598540146,,,,Full Bar,,,,,,,,,Street,,Yes,,,,,,,Casual,,,,,,,,,$11-30,A,3.5,137.0,13.0
50060220,CAFE KABILA,Cafe Kabila,100.0,0.7160260869565215,,,,No,,Yes,,,,,,,Street,,Yes,,,,,,,,,,,,,,,,$11-30,A,4.0,71.0,15.0
50060258,HOLE IN THE WALL,Hole in the Wall,100.0,0.8061230000000004,,,,Full Bar,,Yes,,,,,,,,,Yes,,,,,,,Casual,,,,,,,,,$11-30,B,4.0,353.0,20.0
50060811,PASTA FLYER,Pasta Flyer,100.0,0.7079826086956523,,,,Beer & Wine Only,,No,,,,,,,Street,,Yes,,,,,,,,,,,,,,,,Under $10,A,3.5,115.0,
50060989,CAROL'S CAFE,Carol’s Cafe,92.0,0.8645916666666668,,,,No,,,,,,,,,,,Yes,,,,,,,Casual,,,,,,,,,Under $10,A,4.5,24.0,4.0
50061032,WHITE & CASE CAFE,White Castle,69.0,0.17853636363636363,,,,No,,No,,,,,,,,,Yes,,,,,,,,,,,,,,,,Under $10,A,2.5,34.0,10.0
50062581,375 THRICE COOKED FRIES,375 Degrees,47.0,0.7112457142857141,,,,No,,,,,,,,,Street,,Yes,,,,,,,,,,,,,,,,Under $10,A,4.0,141.0,12.0
50063152,TSQ FOOD COURT,TSQ Food Court,100.0,0.6574222222222222,,,,,,,,,,,,,,,,,,,,,,,,,,,,,,,,,,,37.0
50063170,MADE NICE,Made Nice,100.0,0.8051115000000002,,,,Beer & Wine Only,,Yes,,,,,,,Street,,Yes,,,,,,,Casual,,,,,,,,,$11-30,A,4.0,217.0,12.0
50063170,MADE NICE,Made Nice,100.0,0.8051115000000002,,,,Beer & Wine Only,,Yes,,,,,,,Street,,Yes,,,,,,,Casual,,,,,,,,,$11-30,A,4.0,217.0,12.0
50063500,BEDFORD & CO,Bedford & Co,100.0,0.7573092592592594,,,,Full Bar,,No,,,,,,,Street,,Yes,,,,,,,Casual,,,,,,,,,$31-60,A,4.0,163.0,33.5
50063625,UTOPIA RESTAURANT,Westside Restaurant,72.0,0.37618654970760207,,,,Beer & Wine Only,,No,,,,,,,Street,,Yes,,,,,,,,,,,,,,,,$11-30,A,2.5,172.0,24.0
50064551,THE CROWN,The Crown,100.0,0.6623046728971961,,,,Full Bar,,,,,,,,,Street,,No,,,,,,,Casual,,,,,,,,,$11-30,A,3.5,107.0,7.0
50064590,SAPOARA,Sapoara Wood Roasting Grill & Bar,35.0,0.7143000000000003,,,,Full Bar,,No,,,,,,,Street,,Yes,,,,,,,Casual,,,,,,,,,$11-30,A,4.0,41.0,4.0
50065904,BARROW STREET ALE HOUSE,Barrow Street Ale House,100.0,0.5547775280898877,,,,Full Bar,,Yes,,,,,,,Street,,Yes,,,,,,,Casual,,,,,,Juke Box,,,$11-30,B,3.0,178.0,31.5
50066463,53RD GOURMET DELI,53rd Gourmet Deli,100.0,0.29707818181818185,,,,Beer & Wine Only,,Yes,,,,,,,,,Yes,,,,,,,,,,,,,,,,$11-30,A,3.0,56.0,10.0
50066463,53RD GOURMET DELI,53rd Gourmet Deli,100.0,0.29707818181818185,,,,Beer & Wine Only,,Yes,,,,,,,,,Yes,,,,,,,,,,,,,,,,$11-30,A,3.0,56.0,10.0
50066902,HILTON GARDEN INN,Hilton Garden Inn New York/Tribeca,67.0,0.705505263157895,,,,,,,,,,,,,,,,,,,,,,,,,,,,,,,Moderate,,4.0,117.0,9.0
50066915,STARBUCKS COFFEE #28171,Starbucks - CLOSED,63.0,0.33684953271028034,,,,,,No,,,,,,,Street,,Yes,,,,,,,,,,,,,,,,Inexpensive,,3.0,108.0,30.0
50067236,AMERICAN RETRO BAR & GRILL,American Retro,70.0,0.6712364102564101,,,,Full Bar,,No,,,,,,,Street,,Yes,,,,,,,Casual,,,,,,,,,$11-30,A,4.0,195.0,10.0
50067662,HARRY AND IDS LUNCHEONETTE,Eisenberg’s Sandwich Shop,35.0,0.5719150000000006,,,,No,,Yes,,,,,,,Street,,Yes,,,,,,,,,,,,,,,,$11-30,A,3.5,564.0,10.0
50067678,RABBIT CLUB,124 Old Rabbit Club,73.0,0.7457995000000001,,,,Beer & Wine Only,,,,,,,,,Street,,,,,,,,,,,,,,,,,,Moderate,A,4.0,314.0,
50067685,BLUESTONE LANE,Bluestone Lane,100.0,0.7074139999999995,,,,Beer & Wine Only,,Yes,,,,,,,Street,,Yes,,,,,,,Casual,,,,,,,,,$11-30,,4.0,416.0,23.0
50068152,NEW YORK HILTON / BANQUET KITCHEN,New York Hilton Midtown,68.0,0.3559204999999999,,,,,,,,,,,,,,,,,,,,,,,,,,,,,,,Pricey,A,2.5,658.0,45.0
50068194,JD'S PLACE - INSIDE LANDMARK AT 57 WEST,The Landmark at 57 West,68.0,0.6299425925925924,,,,,,,,,,,,,,,,,,,,,,,,,,,,,,,,A,4.0,54.0,10.5
50069015,FRYGUYS,FryGuys,100.0,0.6264944444444445,,,,No,,Yes,,,,,,,Street,,Yes,,,,,,,Casual,,,,,,,,,$11-30,A,3.5,144.0,19.0
50069682,COOK EATERY,Cook Eatery,100.0,0.16970645161290326,,,,No,,,,,,,,,,,Yes,,,,,,,,,,,,,,,,$11-30,C,2.5,31.0,26.0
50070060,BEAUTY BAR,Beauty Bar,100.0,0.609402,,,,Full Bar,,,,,,,,,Street,,,,,,,,,,,,,,,DJ,,,Moderate,A,3.0,507.0,
50070352,THE CLUB,CORE: Club,67.0,0.914246875,,,,Full Bar,,No,,,,,,,,,No,,,,,,,Dressy,,,,,,,,,Above $61,,4.5,32.0,
50071095,THE WING SOHO,The Bari,48.0,0.8160937499999997,,,,,,,,,,,,,,,,,,,,,,,,,,,,,,,,,,,9.0
50071467,TGA NYC,TGA NYC,100.0,0.7736341463414635,,,,Full Bar,,Yes,,,,,,,,,Yes,,,,,,,Casual,,,,,,,,,$11-30,,4.0,41.0,
50072395,ROCKWELL'S,Rockwell’s,90.0,0.27754696969696974,,,,No,,Yes,,,,,,,,,Yes,,,,,,,,,,,,,,,,Under $10,A,2.5,67.0,
50072414,MUSCLE MAKER GRILL,Muscle Maker Grill,100.0,0.35797333333333337,,,,No,,Yes,,,,,,,,,Yes,,,,,,,,,,,,,,,,$11-30,B,3.0,30.0,64.0
50072604,TENDER GREENS,Tender Greens,100.0,0.6462007575757577,,,,Beer & Wine Only,,Yes,,,,,,,Street,,Yes,,,,,,,,,,,,,,,,$11-30,A,3.5,133.0,
50073766,JOE JR RESTAURANT,Joe Jr. Restaurant,97.0,0.7242360000000001,,,,No,,No,,,,,,,Street,,Yes,,,,,,,,,,,,,,,,Under $10,A,4.0,316.0,12.0
50074726,BEETLE HOUSE,Beetle House,100.0,0.6832774999999994,,,,Full Bar,,No,,,,,,,Street,,No,,,,,,,Casual,,,,,,,,,$11-30,B,3.5,731.0,
50074904,414 HOTEL,414 Hotel,100.0,0.8946725490196078,,,,,,,,,,,,,,,,,,,,,,,,,,,,,,,Moderate,A,4.5,51.0,
50075788,FLIGHT 151,Flight 151,100.0,0.6295464999999999,,,,Full Bar,,Yes,,,,,,,Street,,Yes,,,,,,,Casual,,,,,,Juke Box,,,Under $10,B,3.5,237.0,
50078374,THE GREENWICH SOCIAL,The Greenwich Social,100.0,0.9082714285714287,,,,,,,,,,,,,,,,,,,,,,,,,,,,,,,,A,4.0,7.0,
50078582,VICTORIA'S SECRET / STARBUCKS,Starbucks,47.0,-0.1795041666666667,,,,,,No,,,,,,,Garage,,Yes,,,,,,,,,,,,,,,,Moderate,,2.0,48.0,
50080157,CLEAVER COUNTER,Cleaver Counter,100.0,0.9861,,,,Full Bar,,Yes,,,,,,,Street,,Yes,,,,,,,,,,,,,,,,,A,5.0,1.0,
50082098,BROOKLYN CHOP HOUSE,Brooklyn Chop House,100.0,0.7163900000000001,,,,Full Bar,,Yes,,,,,,,,,Yes,,,,,,,,,,,,,,,,,,4.0,70.0,
50083241,COBBLE & CO,Cobbler Express Shoe Repair,47.0,0.6885865000000001,,,,,,,,,,,,,,,,,,,,,,,,,,,,,,,,,4.5,272.0,
50083579,SHAKE SHACK (INNOVATION KITCHEN),Shake Shack,51.0,0.5744250000000001,,,,Beer & Wine Only,,No,,,,,,,,,Yes,,,,,,,,,,,,,,,,,,4.0,24.0,
50084314,FRESH&CO,Fresh&Co,100.0,0.4636948051948052,,,,No,,Yes,,,,,,,,,Yes,,,,,,,,,,,,,,,,$11-30,,3.0,78.0,
50084744,MODERN GOURMET,Modern Gourmet,100.0,0.66971,,,,Beer & Wine Only,,No,,,,,,,,,Yes,,,,,,,,,,,,,,,,Under $10,A,4.5,20.0,
